,urination_density,shop_count,shop_density,toilet_count,toilet_density,green_space_ratio,PrecentAgeUnder5,PrecentAge5to9,PrecentAge10to14,PrecentAge15to19,PrecentAge20to24,PrecentAge25to34,PrecentAge35to44,PrecentAge45to54,PrecentAge55to59,PrecentAge60to64,PrecentAge65to74,PrecentAge75to84,PrecentAge85andOlder,Male Percent,Female Percent,PercentWhite,PercetnBlack,PercentAmericanIndianandAlaskaNative,PercentAsian,PercentNativeHawaiianandOtherPacificIslander,PercentSomeOtherRace,PercentHispanicOrLatino,Less Than 9th Grade,"9th to 12th Grade, No Diploma",High School Graduate,"Some College, No Degree",Associate's Degree,Bachelor's Degree,Graduate or Professional Degree,"PercentUnder$10,000","Percetn$10,000to$14,999","Percent$15,000to$24,999","Percetn$25,000to$34,999","Percent$35,000to$49,999","Percetn$50,000to$74,999","Percent$75,000to$99,999","Percetn$100,000to$149,999","Percent$150,000to$199,999","Percetn$200,000ormore",Median Household Income,crime_rate,population_density,subway_count,tree_count,AREA,tree_density
10002,0.0014882233564971403,370,1.4079078775512469e-05,7,2.6636094980699265e-07,0.17849376895389715,3.0,4.1,4.3,3.2,6.2,17.5,12.0,12.3,7.0,6.7,11.9,7.3,4.5,0.4929333136102632,0.5070666863897368,31.7,8.9,1.0,41.9,0.0,10.7,25.8,19.0,14.8,18.7,8.8,4.2,23.9,10.7,10.3,10.1,14.8,12.0,11.8,12.6,9.2,7.8,4.2,7.2,35607.0,0.0002090892319045569,0.0030937824320082198,17.0,2265.0,26280128.5438885,8.618679304469119e-05
10003,0.002702315759332832,414,2.6643710566348066e-05,3,1.9307036642281206e-07,0.039278983226550296,2.8,1.5,1.6,13.2,10.6,28.2,11.4,8.2,4.6,5.2,7.3,3.9,1.5,0.4878454756635145,0.5121545243364856,73.1,5.0,0.2,15.1,0.1,2.4,8.7,2.9,1.5,5.2,5.6,3.7,45.2,36.0,2.2,0.8,1.0,2.7,5.0,5.4,5.8,13.7,12.4,51.0,129981.0,0.0005010916639822472,0.003596128644991297,28.0,2025.0,15538376.2696663,0.00013032249733539814
10004,0.00102880658436214,40,2.950820373088086e-06,22,1.6229512051984472e-06,0.27728092291814216,3.3,1.6,1.5,3.5,2.6,31.1,13.0,18.9,7.9,8.3,6.5,0.9,1.1,0.4734138972809668,0.5265861027190333,68.2,4.8,0.0,20.4,0.4,0.4,5.8,0.4,0.0,2.1,2.7,0.8,45.7,48.3,0.4,0.0,0.0,1.9,0.1,1.1,1.4,9.4,10.4,75.2,204949.0,0.009144947416552356,0.00016133610389859108,20.0,118.0,13555552.335481301,8.704920100609852e-06
10005,0.0029604045886271126,23,1.1042290750238566e-05,0,0.0,0.002951605985169523,5.5,2.3,1.7,1.6,11.6,42.7,19.2,9.4,3.9,1.1,0.8,0.3,0.0,0.4768005540166205,0.5231994459833795,73.0,2.0,0.0,17.5,0.0,2.5,6.1,0.2,0.0,6.5,1.2,0.4,51.5,40.1,1.0,0.0,0.0,0.0,1.1,3.5,8.7,12.7,11.6,61.3,184681.0,0.001726902676699149,0.0038921674396601774,14.0,144.0,2082901.14073505,6.913434208845016e-05
10007,0.004916018025399427,47,8.821534944258526e-06,0,0.0,0.11110009132682144,9.9,5.4,2.5,2.1,5.2,25.9,16.7,21.5,3.1,2.3,5.2,0.3,0.1,0.548770816812054,0.4512291831879461,76.4,8.2,0.0,11.7,0.0,2.4,14.7,1.4,3.8,5.2,3.5,1.5,49.5,35.2,0.3,0.0,0.0,1.1,0.0,1.4,0.6,11.1,4.2,81.3,250001.0,0.005052574081660522,0.0013744702212086213,37.0,355.0,5327870.97676123,6.663074266408036e-05
10009,0.0016760231063379708,163,1.0249303749227993e-05,3,1.8863749231707962e-07,0.06550493391070814,3.3,2.0,3.4,3.1,8.4,27.2,13.6,9.5,8.6,6.0,7.7,4.9,2.3,0.4695968558532274,0.5304031441467726,59.3,7.9,0.1,15.0,0.0,10.5,23.1,6.1,6.3,13.0,9.2,4.0,37.0,24.5,9.0,5.6,8.2,5.2,9.1,12.3,5.7,11.1,9.5,24.3,68220.0,6.508827597429013e-05,0.0038642390301153757,4.0,1924.0,15903519.3012284,0.00012097951173935374
10010,0.0017067701884140424,159,1.62769821166129e-05,1,1.0237095670825724e-07,0.053649909030272086,4.4,4.6,3.2,5.4,7.1,23.0,14.9,12.5,4.5,3.8,10.3,4.1,2.2,0.4951816586600696,0.5048183413399304,68.1,11.0,0.0,15.0,0.0,2.2,9.0,0.7,2.8,9.7,8.1,2.5,37.3,38.9,0.7,3.4,3.0,1.2,3.3,2.4,6.7,9.4,16.8,53.1,139188.0,0.0007027877246410763,0.003058946557399435,21.0,889.0,9768395.56994528,9.100778051364069e-05
10011,0.0029252480531288295,190,1.0486567430891143e-05,3,1.6557738048775487e-07,0.040232107166398724,2.8,2.2,2.3,4.0,5.6,23.5,13.9,13.6,9.5,6.2,9.1,5.9,1.5,0.5063908576889384,0.4936091423110616,77.7,4.6,0.1,8.9,0.0,3.4,13.7,1.9,1.9,4.9,7.4,3.0,40.2,40.7,0.8,4.8,1.6,2.2,3.1,1.6,7.1,14.3,11.2,53.2,136208.0,0.0010277898565047238,0.0027924073294658233,52.0,2134.0,18118416.846326802,0.0001177807099869563
10012,0.0022656121272038227,317,3.447998687100639e-05,2,2.175393493438889e-07,0.025951070147688035,3.4,1.4,1.7,2.9,10.8,29.8,14.2,12.5,4.1,4.7,9.6,3.5,1.5,0.4762959103933316,0.5237040896066684,74.5,2.7,0.0,17.3,0.0,1.3,8.3,2.2,2.3,5.9,5.9,1.8,46.4,35.5,1.7,2.5,3.3,3.2,2.2,11.9,3.5,21.0,10.9,39.8,110490.0,0.0009474377986488713,0.0026404926223361235,23.0,1076.0,9193738.99955164,0.00011703616994701223
10013,0.003752010005360014,378,2.426097284558561e-05,5,3.209123392273229e-07,0.09099729285009571,6.1,4.5,4.1,2.7,6.5,17.4,17.4,12.9,5.7,5.3,9.1,5.0,3.3,0.5005757755522211,0.4994242244477789,61.9,3.3,0.1,28.3,0.0,2.0,6.6,10.2,6.2,7.0,5.4,2.3,40.6,28.3,1.6,2.7,6.3,3.6,6.7,6.2,5.8,11.2,7.5,48.4,130675.0,0.0012149365731641954,0.0017961463626553261,34.0,1202.0,15580578.8335804,7.714732635024842e-05
10014,0.0027132277834525024,103,7.278610790109812e-06,5,3.533306208791171e-07,0.036246848896692906,3.9,1.6,1.6,1.9,5.1,29.5,15.6,11.2,8.0,5.3,9.3,4.8,2.3,0.4953389976265006,0.5046610023734993,87.6,1.7,0.0,4.2,0.0,0.6,8.3,0.2,0.7,5.2,7.7,1.7,45.6,38.8,0.4,1.8,0.6,2.2,2.4,9.5,6.5,16.7,6.4,53.5,136154.0,0.0005107252298263534,0.0022138283381801962,16.0,2591.0,14151052.0304172,0.00018309592773955847
10016,0.002032743654543457,282,1.8747004670166233e-05,2,1.3295747993025699e-07,0.021139175565317452,3.5,2.5,2.5,1.7,10.4,34.7,13.2,9.8,3.7,3.2,7.4,4.4,3.0,0.4828772301179317,0.5171227698820683,69.9,3.3,0.2,18.5,0.1,1.1,12.7,2.3,1.9,5.2,7.9,2.5,41.7,38.5,1.3,1.3,3.7,1.8,3.7,4.6,3.6,13.0,12.8,54.2,124647.0,0.0002930080943486064,0.003630138074535807,16.0,1872.0,15042403.037791502,0.00012444820121472054
10017,0.0028898102776730747,94,9.59733734087193e-06,2,2.041986668270623e-07,0.02291608494359412,2.8,1.3,2.1,1.6,7.2,22.3,19.1,12.5,3.4,5.5,14.1,6.3,1.8,0.4504201680672269,0.5495798319327732,73.0,2.7,0.0,20.2,0.0,1.0,4.3,2.8,1.8,3.0,6.6,0.6,40.5,44.7,3.2,0.0,3.1,2.4,1.5,6.9,3.1,10.9,17.7,51.3,130417.0,0.001005151400929765,0.001625217189276589,16.0,848.0,9794383.23999352,8.658023473467441e-05
10018,0.008359076867163365,148,1.3824286711218405e-05,2,1.8681468528673518e-07,0.039516784799256244,3.6,0.9,0.9,2.1,7.4,39.6,18.2,9.4,5.2,2.5,6.2,1.7,2.3,0.5284572833435771,0.4715427166564229,57.7,3.8,0.2,30.6,0.0,3.6,14.6,3.0,4.4,6.6,7.5,2.7,38.8,37.0,3.2,0.0,4.2,4.1,4.9,7.7,3.2,12.3,9.4,51.0,136360.0,0.004542976558240959,0.0005140206065664518,25.0,485.0,10705796.479170099,4.530256118203329e-05
10019,0.0022399084973550015,160,8.497808813824872e-06,3,1.5933391525921633e-07,0.02130719949635322,2.6,1.6,1.1,2.1,5.4,28.4,17.5,12.5,6.1,5.5,10.8,4.7,1.7,0.5355989543287714,0.4644010456712286,66.2,5.4,0.6,18.7,0.1,5.2,17.6,2.0,1.7,9.4,8.4,4.9,37.1,36.6,1.9,1.5,4.6,3.0,7.7,6.2,5.1,13.1,10.4,46.5,101651.0,0.001453557641900586,0.002228869029256091,61.0,1715.0,18828383.1167983,9.108588822318534e-05
10021,0.0014349102629197114,139,1.3244233740510742e-05,0,0.0,0.02969522561310551,5.2,3.6,4.6,3.2,3.2,19.2,13.8,11.9,6.1,4.6,11.1,9.9,3.6,0.4469505123896528,0.5530494876103472,83.3,0.3,0.9,11.2,0.3,2.3,5.1,0.7,1.1,6.0,8.9,2.7,35.8,44.7,0.6,0.8,0.2,1.3,1.2,10.9,5.5,7.8,12.6,59.1,130968.0,0.00017660434005165677,0.0043161909655496135,8.0,1959.0,10495133.4084987,0.0001866579417097881
10022,0.0016900558322015995,174,1.367028692148392e-05,0,0.0,0.017510365534304042,4.5,2.1,2.7,2.1,3.3,20.2,12.7,9.1,6.4,8.9,13.5,10.5,4.3,0.4682016849306391,0.5317983150693608,83.5,1.4,0.1,10.8,0.0,1.5,9.7,1.8,0.6,5.4,6.0,3.2,36.8,46.3,0.3,0.1,4.4,1.2,2.0,7.1,3.8,12.7,8.1,60.5,138661.0,0.0008752074845329713,0.0026032468801343088,29.0,1627.0,12728335.6230472,0.0001278250392026111
10023,0.001464968152866242,145,9.5315019134079e-06,1,6.573449595453725e-08,0.2205024349428028,5.1,3.8,3.1,4.0,3.7,17.2,16.2,11.5,7.7,5.1,13.1,6.6,3.0,0.4396091791476506,0.5603908208523494,77.7,4.5,0.1,11.2,0.0,3.2,8.5,1.0,0.9,5.1,7.9,2.1,35.6,47.4,0.7,0.8,3.1,2.7,2.4,6.2,4.7,10.0,15.1,54.3,137347.0,0.0002707006369426752,0.004128126345944939,17.0,2260.0,15212712.678159302,0.00014855996085725418
10024,0.0018113155961107979,129,5.638768562163084e-06,7,3.059796894197022e-07,0.4337782308894107,6.4,4.4,4.8,2.2,2.5,18.9,15.5,12.1,6.6,6.3,11.5,5.0,3.8,0.4308890865368778,0.5691109134631221,83.2,2.9,0.3,6.8,0.0,4.2,10.8,2.4,1.7,5.4,5.2,2.8,35.8,46.8,3.5,1.3,1.1,1.3,3.6,4.2,5.7,16.8,8.0,54.4,137126.0,0.00030758189367919214,0.0025580339149329136,18.0,3311.0,22877335.463918105,0.00014472839309551916
10025,0.0009786161950569472,170,8.659753477037795e-06,0,0.0,0.05067969568754349,4.4,3.7,3.3,4.6,7.8,19.9,11.1,12.6,5.7,6.6,11.1,5.9,3.5,0.459148021961329,0.540851978038671,64.1,10.6,0.1,10.0,0.0,7.7,23.7,6.0,4.0,9.5,9.4,3.3,29.5,38.3,4.3,3.7,4.5,5.5,4.9,7.0,7.6,13.9,9.0,39.6,99067.0,0.00019780540112853187,0.004892964473431696,19.0,3696.0,19631043.822525896,0.00018827322853606882
10026,0.001311456299361758,39,3.5158315904518996e-06,3,2.7044858388091536e-07,0.15247478417181318,6.2,4.8,5.5,4.5,7.7,20.5,15.5,14.7,5.5,4.3,6.0,3.3,1.5,0.465906464288466,0.5340935357115341,25.6,52.2,0.3,6.2,0.0,9.3,19.5,5.7,8.7,20.8,13.2,4.1,25.0,22.5,6.6,4.9,5.7,7.9,11.1,12.3,10.6,14.5,8.7,17.7,64716.0,0.00032057820651065186,0.0030933007529019498,11.0,1829.0,11092681.4884746,0.00016488348663939808
10027,0.00347891335118266,97,3.927876334059104e-06,3,1.2148071136265272e-07,0.21816882180436367,5.8,5.1,4.1,8.0,11.1,22.3,13.0,10.7,4.8,4.0,6.0,3.8,1.2,0.4708008898776418,0.5291991101223582,30.1,39.3,0.6,8.5,0.0,15.8,25.1,5.6,7.0,20.3,11.8,4.8,24.4,26.1,9.4,6.4,6.0,7.7,13.8,14.4,7.1,13.5,6.9,14.9,57010.0,0.00034106993639045687,0.002374502477864864,20.0,2992.0,24695278.504290197,0.00012115676279901897
10028,0.0009467704607616243,158,1.6053571818207476e-05,0,0.0,0.10753638476272122,4.7,4.6,3.9,2.3,3.9,22.0,14.5,12.5,6.4,5.5,10.1,5.7,4.0,0.4433301363579501,0.5566698636420501,84.3,1.8,0.0,10.4,0.0,1.1,7.4,1.6,0.6,5.3,7.6,3.0,35.1,46.8,0.6,0.0,0.6,1.2,2.5,6.6,5.1,12.4,11.2,59.8,131013.0,0.00025247212286976645,0.00482928018050254,12.0,1806.0,9842046.4797,0.00018349842217520697
10029,0.0005806226855734616,175,7.620810860438318e-06,2,8.709498126215221e-08,0.08563219586264334,5.1,5.3,5.3,5.9,7.4,18.0,13.5,12.9,5.6,5.7,8.6,4.6,2.1,0.44879853116582014,0.5512014688341799,31.1,31.4,0.7,10.9,0.2,21.5,44.9,12.4,12.1,23.6,14.0,5.3,17.7,14.8,16.3,5.2,16.0,10.3,10.7,14.2,7.4,7.6,5.0,7.3,33801.0,0.0001290272634607693,0.003375061166380291,10.0,2423.0,22963435.6769661,0.00010551556979909741
10030,0.0006736526946107785,17,2.191382041967793e-06,1,1.2890482599810546e-07,0.02704108722823193,6.8,4.8,4.9,3.6,6.7,20.3,15.4,13.8,5.8,5.6,6.6,3.1,2.6,0.4379274745128404,0.5620725254871596,17.5,59.8,0.1,3.7,0.0,11.6,27.6,9.9,10.8,20.9,18.7,4.7,18.1,16.9,7.7,6.9,12.5,6.8,13.6,15.8,8.3,14.0,5.2,9.3,45555.0,0.00029940119760479036,0.003444336950669378,8.0,1365.0,7757661.454930299,0.00017595508748741395
10031,0.0010173653744957026,22,1.3016093763520907e-06,4,2.3665625024583467e-07,0.18052527096231796,4.6,4.0,4.6,4.6,7.8,24.7,15.4,12.1,4.4,6.7,6.8,3.2,1.1,0.4954379562043796,0.5045620437956204,29.8,28.7,0.6,3.9,0.1,20.9,49.7,13.8,9.6,19.7,15.8,4.3,20.8,15.9,5.7,5.8,11.9,11.9,10.7,14.7,11.9,12.1,6.8,8.6,55721.0,0.00022803017014558848,0.0033729432066287586,13.0,2587.0,16902152.3659099,0.0001530574298464936
10032,0.0008158872339686838,14,6.045018263372703e-07,4,1.7271480752493436e-07,0.43647737982814944,3.5,3.6,3.2,4.1,9.0,24.1,12.5,12.7,6.1,5.3,8.8,4.3,2.8,0.4980093067011608,0.5019906932988392,27.3,18.1,0.6,4.3,0.1,37.9,65.6,18.8,10.3,16.8,14.4,5.1,21.7,12.9,7.3,4.9,10.2,7.2,13.9,18.9,10.1,14.7,7.0,5.8,53690.0,0.00034718605700795064,0.0024873523005703425,20.0,2217.0,23159566.0923429,9.572718207069488e-05
10033,0.0006816004715938398,29,1.794992743363868e-06,1,6.189630149530579e-08,0.5875936388797973,5.0,4.8,4.9,4.3,7.1,23.0,14.3,13.1,6.2,4.8,6.7,4.5,1.4,0.5160619287955258,0.4839380712044741,40.0,8.7,2.3,2.5,0.0,32.7,66.5,13.5,11.6,18.2,13.4,5.3,22.3,15.7,4.6,3.6,8.5,8.9,8.0,18.2,15.4,18.3,7.0,7.5,66902.0,0.00025790288114361506,0.0033599788303711802,14.0,1971.0,16156054.171925599,0.00012199761024724773
10034,0.001200541520856216,27,1.1018657715908845e-06,2,8.161968678450996e-08,0.42106768983107534,6.6,3.9,5.5,4.7,6.2,19.8,15.6,13.9,5.9,5.1,7.5,4.2,1.1,0.4802184437078196,0.5197815562921804,35.2,13.9,0.2,3.0,0.2,37.6,69.7,13.6,9.8,17.3,16.5,5.7,21.5,15.6,4.7,4.8,8.0,11.0,10.3,17.8,12.2,16.9,8.1,6.2,63556.0,0.00045978185905131677,0.0015976645589633905,18.0,1574.0,24503892.122011498,6.423469349940934e-05
10035,0.0060916179337231965,70,1.7976129795663988e-06,8,2.0544148337901701e-07,0.8584844056144414,6.4,5.5,4.7,5.0,7.1,18.9,15.4,12.5,6.1,4.9,7.0,3.8,2.6,0.4880131895456634,0.5119868104543366,20.9,39.1,0.4,3.7,0.0,30.4,45.4,10.7,14.2,26.1,14.3,5.7,17.4,11.5,14.5,5.8,13.1,10.2,13.1,12.4,8.9,10.8,6.2,5.0,28408.0,0.0002006650613461759,0.0008958275882742037,7.0,2010.0,38940528.7988545,5.161717269897803e-05
10036,0.002421101813702587,130,1.1408401865917527e-05,1,8.775693743013481e-08,0.011090431320908674,2.1,1.7,1.8,2.1,9.4,26.3,17.3,16.2,4.5,5.3,8.0,3.6,1.9,0.5380609967765931,0.4619390032234069,62.4,6.8,0.2,19.6,0.0,4.8,17.7,3.7,3.9,8.5,8.0,4.2,39.8,31.8,2.3,1.2,9.6,4.8,4.7,7.7,13.3,10.5,13.0,32.9,97720.0,0.0011043622308117063,0.002066061577917664,26.0,894.0,11395110.509595,7.845470206254053e-05
10037,0.0015947079321953813,1,1.3910177346110925e-07,2,2.782035469222185e-07,0.13564166327351598,6.8,4.2,5.0,4.0,5.6,18.4,13.8,14.2,5.2,4.6,9.0,5.3,3.9,0.4219638108150389,0.5780361891849611,12.2,67.6,0.4,4.0,0.0,10.7,23.1,4.1,9.0,27.3,12.6,4.8,23.8,18.4,14.8,2.8,8.3,9.8,5.9,21.3,10.9,15.9,7.4,2.9,50686.0,0.00017718977024393126,0.002355132126470041,3.0,698.0,7188980.95342821,9.709303787585424e-05
10038,0.0019344382286819678,66,9.398013595343217e-06,3,4.271824361519644e-07,0.03728521080872013,4.1,2.8,6.1,5.6,8.4,22.3,14.1,9.6,4.5,6.0,7.7,5.5,3.3,0.4611443916546168,0.5388556083453832,51.0,10.4,0.3,28.8,0.0,4.0,10.9,11.2,7.0,10.6,8.0,2.8,37.3,23.1,9.0,5.5,6.1,6.9,7.1,6.4,10.7,9.3,7.9,31.0,95640.0,0.0008887959429079313,0.002723572818759541,17.0,374.0,7022760.64302604,5.3255410373611575e-05
10039,0.0004951720722951226,8,9.502284717012485e-07,2,2.3755711792531212e-07,0.3817834422677741,6.5,6.5,6.7,6.1,7.4,16.3,14.6,12.8,6.9,5.9,6.0,2.5,1.8,0.4533776301218162,0.5466223698781838,14.6,60.0,0.3,2.0,0.0,14.4,33.4,8.6,8.5,25.4,17.7,8.1,17.8,14.0,10.6,6.7,14.6,12.2,13.6,19.7,8.9,5.9,5.0,2.8,41363.0,0.00016505735743170752,0.002878479597901007,4.0,801.0,8419027.88460668,9.51416257290875e-05
10040,0.0006092657129627374,11,6.731640132805595e-07,3,1.835901854401526e-07,0.4720889155033092,5.0,6.0,4.1,5.3,6.9,17.8,14.6,11.0,6.3,5.0,10.2,4.1,3.6,0.4741907648737748,0.5258092351262252,33.1,9.0,0.9,2.9,0.0,44.7,69.5,13.9,10.4,18.7,13.8,5.3,22.2,15.7,9.5,2.1,8.7,9.6,12.1,15.0,12.9,16.3,6.0,7.6,53199.0,0.00021933565666658545,0.0025110853597219273,9.0,1560.0,16340742.795196697,9.546689642887935e-05
10044,0.0,1,1.5882814639765804e-07,4,6.353125855906322e-07,0.0,5.6,4.2,3.3,2.7,5.2,19.3,15.3,14.3,4.7,5.7,10.4,4.9,4.6,0.4505873140172279,0.5494126859827722,46.6,12.4,0.0,32.4,0.0,4.9,9.4,4.9,2.4,14.3,7.1,3.5,21.5,46.2,0.4,1.6,0.4,3.0,7.7,10.0,15.8,16.2,10.3,34.6,112658.0,8.575593859874797e-05,0.0018520950151430906,1.0,0.0,6296113.26884279,0.0
10065,0.0014644789144923637,118,1.0312360033110459e-05,0,0.0,0.026875735265318362,7.5,4.6,2.6,1.5,4.7,23.1,15.2,10.5,4.9,5.3,9.4,7.1,3.6,0.4387422129931771,0.5612577870068229,81.0,2.1,0.0,14.5,0.0,0.5,7.9,1.1,0.7,6.7,7.2,1.4,39.2,43.8,0.8,0.8,1.8,1.0,2.4,3.9,4.7,15.6,10.6,58.4,153002.0,0.00044830987178337664,0.0029240784266766342,15.0,1911.0,11442579.5473714,0.00016700779680740749
10075,0.0011903344839900012,52,1.0811587904392529e-05,0,0.0,0.057635304912478744,4.7,4.7,2.1,3.8,6.9,18.9,11.6,10.8,3.3,4.6,14.9,9.6,4.0,0.43521756451684296,0.564782435483157,83.1,2.0,1.5,6.3,0.2,3.6,16.4,0.4,1.3,10.7,7.8,4.5,35.5,39.8,0.3,0.6,7.3,0.0,10.9,14.0,4.2,14.4,8.0,40.4,123854.0,0.00015871126453200017,0.005240085576046247,4.0,899.0,4809654.27648916,0.00018691572165478618
10128,0.0008789552988448016,183,1.6618715230338018e-05,2,1.8162530306380347e-07,0.07215668316326138,5.0,3.0,3.3,3.1,5.4,21.7,13.3,13.1,6.7,6.6,10.3,5.9,2.6,0.43225906574931455,0.5677409342506854,76.0,4.6,0.0,9.2,0.0,5.0,14.7,2.6,2.1,7.7,4.4,3.3,36.7,43.2,2.9,0.7,2.6,0.8,5.5,8.7,6.4,13.6,10.7,48.2,117926.0,0.00010762717945038388,0.005062623697600458,6.0,2136.0,11011681.5568226,0.0001939758236721421
10302,0.0014898195662969708,6,2.0300911599764018e-07,0,0.0,0.02534077142980682,6.8,5.7,7.5,7.3,7.3,14.9,12.7,13.2,7.1,6.8,6.3,2.7,1.8,0.5193958310110356,0.4806041689889645,51.5,25.5,0.9,6.7,0.1,10.9,37.8,5.5,9.3,34.8,16.5,5.7,19.2,9.1,1.5,2.1,4.6,4.7,7.7,18.2,12.1,26.5,13.0,9.4,72394.0,0.0,0.0006131890348708722,0.0,2369.0,29555323.023374703,8.01547659664016e-05
10303,0.000406684412895593,21,2.572590746624355e-07,0,0.0,0.06838941523481404,5.8,6.4,8.6,8.8,6.5,14.2,13.8,12.0,6.0,7.1,6.3,3.9,0.7,0.4872625533794728,0.5127374466205271,42.2,32.8,0.2,7.6,0.0,9.2,40.0,8.2,10.0,29.8,18.4,7.9,17.6,8.1,9.8,4.2,4.8,4.4,7.5,15.8,12.7,20.4,14.7,5.7,70315.0,0.0,0.0003313496881652169,0.0,3238.0,81629773.5174369,3.966689922652219e-05
10304,0.0003855235892246157,5,5.090266728262164e-08,2,2.0361066913048658e-08,0.1320107715894198,4.6,6.3,7.0,6.9,6.6,13.5,11.5,14.7,7.8,6.8,7.7,4.8,1.8,0.4861984667600218,0.5138015332399781,51.8,28.3,0.1,9.6,0.1,7.3,22.6,6.3,11.2,28.8,16.0,5.6,20.2,11.7,6.8,4.4,4.4,4.5,11.6,15.2,11.5,20.8,8.4,12.4,64394.0,0.00014457134595923088,0.0004225124995126727,6.0,5855.0,98226679.79732801,5.9607023387949936e-05
10305,0.0005749053801561826,19,1.704925351308902e-07,4,3.5893165290713724e-08,0.15860551277468118,5.7,5.9,5.3,5.7,5.2,14.1,14.0,12.7,6.8,7.3,10.5,4.7,2.2,0.4836157140197356,0.5163842859802644,68.6,6.7,0.1,17.2,0.0,3.6,14.3,8.0,7.9,27.8,15.0,8.6,21.7,11.1,1.6,1.4,6.1,5.6,7.8,12.9,17.9,23.1,12.4,11.3,77136.0,9.581756335936378e-05,0.0003745990195565338,4.0,6855.0,111441829.317708,6.151191201696064e-05
10306,0.0006474587245063128,89,5.111920266032452e-07,4,2.2974922543966075e-08,0.38422007025681243,5.0,5.8,6.1,5.8,6.0,12.9,11.7,14.3,8.0,6.0,10.3,5.5,2.6,0.4806141610515851,0.5193858389484148,79.3,3.5,0.2,8.6,0.0,2.6,17.4,4.7,6.0,33.2,16.7,7.6,18.2,13.5,2.8,3.1,4.7,4.7,5.5,17.1,12.1,22.0,12.7,15.2,83309.0,0.0002158195748354376,0.00031936291082240037,12.0,13030.0,174102872.04866,7.48408101869695e-05
10307,0.00014188422247446084,29,6.300460355791365e-07,0,0.0,0.1450715380340499,5.1,5.9,7.5,7.6,6.5,11.6,14.3,15.7,6.3,5.6,8.3,4.2,1.4,0.5068757058393676,0.4931242941606324,91.9,0.1,0.0,4.6,0.0,1.0,8.9,2.1,5.5,25.8,15.8,8.9,27.3,14.7,1.5,1.8,1.8,5.5,8.0,11.6,6.6,24.7,14.0,24.5,108808.0,0.0004965947786606129,0.00030624582474218987,7.0,5451.0,46028382.629760206,0.00011842692896351284
10308,0.0005432420686657974,31,4.940157024216275e-07,0,0.0,0.6639849187916635,4.8,5.1,6.3,5.8,5.4,13.2,12.5,15.0,7.0,7.6,10.7,4.9,1.8,0.4823362513407841,0.5176637486592159,91.3,1.6,0.1,5.4,0.0,0.6,9.3,1.6,2.8,29.9,15.3,9.0,23.5,17.9,0.6,0.4,1.9,1.9,3.3,11.9,16.5,28.8,18.5,16.1,110478.0,7.243227582210634e-05,0.00044002456694406376,2.0,7116.0,62751041.8151495,0.00011340050769136455
10309,9.05961224859576e-05,137,6.347417996225437e-07,4,1.8532607288249453e-08,0.2491070542909134,6.1,6.0,6.9,5.1,4.7,14.0,13.0,12.1,7.6,8.2,10.2,4.6,1.5,0.4956042010856738,0.5043957989143262,93.7,0.6,0.4,2.4,0.0,1.8,8.8,3.4,5.6,29.6,18.9,7.0,21.9,13.5,1.4,1.7,4.5,3.6,6.8,11.0,11.5,20.0,20.2,19.4,102730.0,0.0002415896599625536,0.0001534221894357731,8.0,12650.0,215835793.517094,5.8609370549088904e-05
10310,0.0004799424069111707,5,9.352214206419142e-08,2,3.740885682567657e-08,0.13167433219601268,6.8,6.4,5.9,7.2,5.3,13.4,12.1,14.6,7.7,6.6,8.7,3.9,1.5,0.477656405163853,0.522343594836147,57.2,23.0,0.5,6.2,0.0,8.3,30.8,5.9,7.0,28.1,17.1,9.3,17.0,15.6,7.6,1.4,7.2,1.8,6.4,12.6,11.0,25.1,15.4,11.5,86895.0,0.0,0.0004676668236061956,0.0,3629.0,53463275.0024921,6.787837071019013e-05
10312,0.00018801490445424402,105,6.209805081000928e-07,2,1.182820015428748e-08,0.5241023609554211,6.0,6.5,6.2,5.3,6.5,11.8,12.9,14.0,7.0,6.7,10.8,4.4,1.9,0.4816735936119384,0.5183264063880616,88.1,1.0,0.2,6.9,0.1,1.0,12.0,2.6,4.4,29.2,18.6,7.7,22.2,15.4,2.3,1.6,2.1,3.8,8.2,14.2,12.6,21.9,16.2,17.1,96785.0,0.00010255358424776946,0.00034601033911337166,6.0,22186.0,169087432.907114,0.00013121022431151103
10451,0.0007929315813321251,20,6.909869540570288e-07,1,3.454934770285144e-08,0.13802907195999442,6.9,6.9,6.6,6.8,7.7,16.8,13.4,12.2,5.4,4.4,6.6,4.1,2.2,0.44618902130586974,0.5538109786941303,16.3,40.8,0.6,1.3,0.8,31.4,58.3,13.2,15.1,24.4,19.0,8.3,13.7,6.3,14.2,8.9,10.7,12.1,14.2,12.7,10.9,9.2,3.5,3.6,32598.0,0.0003624830086089715,0.0015250082076038625,16.0,2450.0,28944106.5168784,8.464590187198601e-05
10452,0.0003810575002627983,12,4.355655874981911e-07,0,0.0,0.10805349714808189,6.9,8.2,8.3,7.8,6.7,16.2,13.3,11.9,6.3,4.4,5.9,2.6,1.5,0.46385404482447995,0.53614595517552,14.9,32.1,0.6,1.4,0.3,44.0,69.9,17.1,15.4,27.3,17.6,9.5,9.8,3.4,11.7,6.4,16.8,11.8,18.5,17.3,8.2,7.1,1.1,1.1,31351.0,0.00028907810364764007,0.002762356955913528,22.0,3320.0,27550385.8533127,0.00012050647920783288
10453,0.0004511704650922966,43,1.6699995928426001e-06,0,0.0,0.044976193541111174,7.9,8.0,7.1,6.6,8.3,16.3,12.2,13.6,6.2,4.9,5.5,2.7,0.7,0.4597631185168277,0.5402368814831723,11.4,32.6,0.7,2.2,0.3,44.4,68.9,15.9,15.8,29.4,18.4,6.7,10.8,3.0,14.6,7.0,16.2,10.2,15.4,16.8,8.5,7.9,2.1,1.3,31778.0,0.00018046818603691863,0.003012834614287385,14.0,3050.0,25748509.2716743,0.00011845345949232395
10454,0.0006939625260235947,12,3.863040617436291e-07,0,0.0,0.08064768255554043,8.5,8.3,7.9,6.2,8.2,16.5,13.9,11.9,4.9,4.8,4.9,2.7,1.3,0.482344539371016,0.5176554606289839,16.6,34.8,0.7,0.3,0.1,41.2,66.0,18.8,20.7,29.0,15.5,4.8,8.4,2.9,19.1,9.5,13.3,11.1,18.3,11.2,7.1,7.3,1.5,1.6,23337.0,0.0005071264613249346,0.0012061056647739005,19.0,1755.0,31063613.325308003,5.649696903000575e-05
10455,0.0006527087412762966,14,7.053991660789742e-07,0,0.0,0.1002487230741999,7.5,8.2,8.0,7.9,8.2,16.8,12.0,12.9,6.0,3.9,5.0,2.5,1.1,0.4713895781637717,0.5286104218362283,15.5,31.6,0.9,0.9,0.2,41.2,73.2,13.3,20.2,29.2,17.1,7.7,9.2,3.3,14.1,9.8,12.9,14.4,12.4,14.7,9.6,8.5,1.7,1.8,29439.0,0.0004769794647788321,0.0020070621701135613,19.0,2044.0,19846918.841455802,0.00010298827824753022
10456,0.00046985121378230227,22,7.349636680493684e-07,2,6.681487891357895e-08,0.06800420286913927,7.4,7.5,7.9,7.7,7.9,16.3,12.4,12.4,6.1,5.1,6.0,2.5,0.8,0.4690038572486434,0.5309961427513566,12.3,47.2,1.1,0.7,0.2,31.6,58.4,15.9,17.7,28.9,18.1,7.5,8.8,3.0,13.1,5.5,17.3,10.6,17.2,16.6,10.2,6.6,1.6,1.3,31645.0,4.4747734645933554e-05,0.0029862910130424108,4.0,4085.0,29933452.436348498,0.000136469390180985
10457,0.000640542040909285,18,4.782069486447598e-07,2,5.3134105404973316e-08,0.23347128911511383,9.6,8.1,8.8,6.8,7.6,16.9,12.8,11.1,5.3,4.1,5.4,2.8,0.8,0.4707079634167571,0.529292036583243,19.2,45.6,0.4,0.7,0.0,23.9,66.4,14.4,17.4,28.6,18.1,7.7,10.0,3.8,13.9,8.0,11.9,11.6,14.2,18.3,10.0,8.8,1.9,1.2,32378.0,0.00011387414060609511,0.0018664151535077954,8.0,4175.0,37640607.3793199,0.00011091744503288178
10458,0.000718227867241249,89,2.474365785690927e-06,11,3.0582049036629437e-07,0.33592605009726284,8.1,7.9,7.1,8.8,9.8,17.7,11.2,12.2,4.7,4.0,5.3,2.6,0.8,0.4739152200994261,0.5260847799005739,15.2,18.9,0.3,2.6,0.0,58.5,71.8,18.6,13.8,29.0,19.2,6.1,8.9,4.5,12.2,6.6,11.9,11.0,18.2,19.1,10.3,7.9,1.6,1.2,37886.0,0.00010080391119175424,0.002206411432404532,8.0,3405.0,35968812.9033631,9.46653426997484e-05
10459,0.0006196051619519699,17,7.538153965919074e-07,0,0.0,0.07518494304557613,6.9,7.6,6.9,7.9,8.2,15.5,13.3,11.5,6.1,5.7,6.1,3.1,1.0,0.4885205926721911,0.5114794073278089,12.3,35.2,0.5,0.3,0.1,43.6,67.6,19.1,15.0,28.4,15.2,8.4,10.2,3.6,11.9,5.5,14.9,14.0,14.3,15.7,9.4,8.4,3.2,2.5,31896.0,0.0004914109905136314,0.0020753868130639784,23.0,3078.0,22551940.5372444,0.00013648492886528772
10460,0.0003529204164460914,12,3.413389972327625e-07,6,1.7066949861638125e-07,0.4619911669419493,7.3,7.1,7.6,7.8,7.4,15.8,12.3,12.4,5.6,4.9,7.7,2.7,1.3,0.4749626177974058,0.5250373822025941,17.5,34.4,0.5,1.8,0.2,37.3,67.2,17.2,15.6,28.1,18.3,7.3,10.1,3.5,10.9,8.2,17.7,11.9,11.7,17.6,8.4,8.5,2.6,2.4,28831.0,0.00019410622904535027,0.0016119734144317208,11.0,3261.0,35155666.6460149,9.27588724980032e-05
10461,0.0004550040554709292,59,9.39130681427392e-07,0,0.0,0.07231011516739036,6.3,5.4,6.5,4.5,5.5,17.5,12.3,13.2,6.4,5.9,8.7,5.1,2.7,0.4863452164209784,0.5136547835790215,47.8,9.2,0.5,12.9,0.1,23.3,47.4,9.1,8.7,27.8,15.9,10.3,17.5,10.7,3.8,3.5,6.9,8.4,11.8,18.0,12.5,18.0,8.8,8.3,60802.0,0.00021761063522522705,0.0008046121494148005,11.0,5636.0,62824057.57452779,8.971085628008104e-05
10462,0.00039643734968417156,24,4.526379134187734e-07,4,7.543965223646223e-08,0.5230737216494901,6.7,5.9,6.0,5.8,6.5,17.3,13.8,12.8,6.9,5.2,7.7,4.1,1.2,0.4822576583025146,0.5177423416974855,20.7,27.2,1.2,15.6,0.0,28.2,46.5,8.7,10.0,28.8,16.5,9.2,17.1,9.6,5.0,2.6,7.8,7.5,12.5,21.0,15.0,19.3,5.5,3.6,57266.0,0.00013214578322805722,0.0014272050608355106,10.0,4234.0,53022513.776471004,7.985287189229528e-05
10463,0.0002760436573661188,44,1.1048868198982428e-06,0,0.0,0.15645743632231596,6.0,5.7,6.0,5.0,5.4,12.8,12.5,13.6,6.2,6.5,10.8,6.2,3.3,0.4601486417221938,0.5398513582778063,45.9,17.2,0.7,3.4,0.1,25.1,52.2,8.7,10.0,20.3,15.5,5.5,19.8,20.2,4.9,4.0,10.0,5.4,12.8,14.8,10.2,16.7,10.4,10.7,60397.0,0.00015571693492447732,0.0017738706782825398,11.0,3723.0,39823083.42138816,9.348849160184449e-05
10464,0.0004506534474988734,14,1.51584103739254e-07,0,0.0,1.0,1.9,9.1,4.9,3.2,2.2,19.9,10.3,21.6,2.8,3.7,11.1,6.1,3.4,0.4854234150856085,0.5145765849143915,70.1,0.5,0.0,1.8,0.0,23.2,36.8,3.2,4.5,18.0,9.5,15.3,26.7,22.9,3.9,0.0,0.0,6.2,10.5,10.2,14.5,17.8,21.6,15.2,101935.0,0.0,4.805216088534351e-05,0.0,1051.0,92357969.30317952,1.1379635216425425e-05
10465,0.0004760544606302961,19,1.7523836935977538e-07,0,0.0,0.2757459483309678,6.5,5.2,5.6,7.3,7.3,12.6,12.4,13.9,7.7,5.3,7.5,5.4,3.2,0.4885057471264368,0.5114942528735632,55.8,13.2,0.0,4.3,0.0,18.6,46.9,7.9,7.8,28.4,20.6,8.6,15.9,10.7,4.0,3.8,7.0,3.8,8.8,13.7,11.0,23.6,12.3,11.9,74889.0,2.3802723031514804e-05,0.00038747970387067814,1.0,5183.0,108423743.438241,4.780318254693242e-05
10466,0.0010008412868788257,28,5.066727845539232e-07,1,1.8095456591211544e-08,0.043001932732173495,5.6,5.7,6.8,6.4,7.5,15.1,11.4,14.2,7.1,5.8,8.0,4.6,1.8,0.4346945074410553,0.5653054925589447,10.5,70.2,1.0,2.7,0.0,11.9,25.0,8.4,12.5,30.1,16.9,9.5,13.8,8.9,6.0,4.3,8.1,6.9,11.0,18.3,13.1,19.4,6.6,6.2,58405.0,0.00010153462330654754,0.0012475369683113064,7.0,5082.0,55262490.612459704,9.196111039653708e-05
10467,0.0005514030143364784,29,4.182521405083891e-07,1,1.4422487603737554e-08,0.15910407708434354,7.6,6.9,7.5,5.7,6.4,17.0,13.3,12.5,6.7,5.2,6.5,3.2,1.5,0.4712641399070063,0.5287358600929938,24.2,34.2,0.5,5.5,0.1,29.0,52.2,12.2,13.6,29.5,17.6,7.4,12.3,7.4,7.7,5.6,11.2,10.5,17.3,17.4,11.7,13.7,3.5,1.5,40639.0,0.00019401217171098316,0.0014124230560092262,19.0,4355.0,69336166.37263411,6.280993351427706e-05
10468,0.0005488700138589678,60,1.7417756784810496e-06,0,0.0,0.09340251722133099,9.0,6.6,6.9,6.2,6.9,18.0,12.1,12.2,6.0,4.6,6.3,4.0,1.2,0.4759450608037777,0.5240549391962223,15.2,24.5,1.1,2.0,0.2,50.6,77.8,16.5,13.8,29.3,17.4,8.5,9.9,4.7,8.9,5.3,15.2,10.5,17.9,18.8,10.8,8.4,2.3,1.9,37777.0,0.00023326975589006127,0.0021155897686777237,17.0,2990.0,34447604.6722183,8.679848797763896e-05
10469,0.0005837083915761663,14,2.0575863430375851e-07,0,0.0,0.06108945095376545,6.1,4.0,6.4,6.4,6.6,14.3,12.5,12.1,6.5,6.8,8.9,6.2,3.2,0.4625775327360441,0.5374224672639559,16.8,57.0,0.1,6.5,0.0,14.5,28.1,8.9,10.0,27.9,17.9,8.7,16.5,10.2,4.4,2.3,6.2,8.9,9.1,18.7,12.4,19.1,10.6,8.3,67190.0,7.680373573370609e-05,0.0009567923465577846,5.0,6710.0,68040887.06835021,9.861717401272996e-05
10470,0.0008141112618724559,12,5.570135493159157e-07,0,0.0,0.3543739748475913,7.8,4.2,3.7,4.4,6.4,17.2,15.7,12.5,6.3,5.6,8.8,5.6,1.8,0.4673548387096774,0.5326451612903226,42.0,38.3,0.1,4.9,0.0,9.7,19.5,5.4,10.6,26.2,15.0,6.2,25.0,11.5,4.5,2.5,2.4,4.7,10.5,23.1,13.7,19.9,9.2,9.5,64643.0,0.000271370420624152,0.0006841983097430497,4.0,1375.0,21543461.581388,6.382446919244868e-05
10471,0.00042594880095412534,14,1.5616040460902143e-07,14,1.5616040460902143e-07,0.6133996369648306,6.3,3.1,4.2,8.1,7.0,9.7,11.2,9.5,6.8,6.0,13.2,7.8,7.3,0.4730477920007087,0.5269522079992913,66.1,9.8,0.2,5.6,0.0,10.4,25.1,5.0,4.7,14.1,14.7,4.2,24.3,32.9,1.0,2.6,1.8,3.5,7.8,11.6,13.0,21.4,11.5,25.8,93657.0,0.00012778464028623759,0.000261869844214714,3.0,1899.0,89651407.0583499,2.1182043453752266e-05
10472,0.000452106817770812,54,1.7440032422814481e-06,1,3.229635633854533e-08,0.0685694893647314,8.0,7.7,7.3,6.6,7.8,16.2,12.2,11.8,5.3,4.7,7.2,3.5,1.5,0.4775037138360617,0.5224962861639383,11.6,25.7,1.4,8.8,0.1,48.3,63.1,20.8,12.9,28.8,15.3,7.7,10.3,4.1,11.5,5.8,12.8,11.6,14.3,17.0,9.7,9.6,5.0,2.8,36038.0,0.00012056181807221652,0.0021430570212005143,8.0,3430.0,30963245.188328303,0.00011077650224121048
10473,0.00034314734747100404,9,1.512036959813148e-07,3,5.04012319937716e-08,0.19319399867862003,6.7,6.3,6.7,6.8,7.4,14.0,11.2,12.9,5.6,6.3,8.6,5.3,2.2,0.464135374914049,0.535864625085951,29.1,37.9,0.7,1.7,0.0,23.4,62.3,10.0,15.7,23.7,20.0,9.6,13.1,8.0,9.1,4.4,11.5,8.0,11.9,17.5,12.9,16.3,4.8,3.6,47856.0,0.0,0.0009791951351749947,0.0,4369.0,59522354.540276505,7.340099419359604e-05
10474,0.000814265939255761,6,1.4773198099224467e-07,0,0.0,0.01912736046262462,8.7,9.2,7.6,6.1,8.6,18.6,13.5,9.4,4.8,5.4,4.9,2.1,1.1,0.5117022195353658,0.4882977804646342,13.8,42.6,0.4,0.2,0.0,32.1,62.8,11.1,14.6,39.1,17.1,7.4,7.3,3.4,14.7,11.0,19.3,9.1,16.9,9.4,10.9,4.5,3.4,0.8,28419.0,0.0,0.0003023827430942928,0.0,2644.0,40614090.1902275,6.510055962391582e-05
11001,0.0007606490872210953,8,8.738222263674129e-07,0,0.0,0.0,4.9,6.4,5.9,6.5,5.7,11.4,11.7,14.7,7.2,7.6,10.7,4.6,2.7,0.4958556250470952,0.5041443749529049,63.6,5.5,0.5,21.4,0.0,5.7,13.6,4.9,4.6,18.7,13.8,7.3,29.8,20.9,1.1,0.3,2.5,2.1,4.5,9.0,11.2,23.0,17.4,28.8,124949.0,0.0,0.00043079435759913457,0.0,1371.0,9155180.26276007,0.00014975128404371538
11004,0.000594429347826087,24,1.0616402993594582e-06,0,0.0,0.0155275433278684,7.5,5.3,3.6,4.0,4.8,16.3,10.5,9.8,6.5,8.7,8.8,9.6,4.5,0.4711381316598026,0.5288618683401974,32.7,4.9,0.4,47.6,0.3,8.6,12.1,5.6,5.4,21.4,12.8,6.9,26.2,21.7,1.6,1.6,3.3,6.2,4.0,12.0,13.6,22.7,16.8,18.2,97845.0,0.0,0.0005209115068857075,0.0,4130.0,22606526.913569897,0.00018269060151477343
11040,0.0,2,3.1901318187811635e-07,0,0.0,0.0027177782851707495,5.2,5.0,5.7,6.6,6.4,9.9,12.5,14.6,7.6,7.0,11.0,5.6,3.0,0.4796859571803579,0.5203140428196421,48.6,0.9,0.7,39.5,0.2,5.9,13.1,3.1,4.1,21.1,12.6,6.4,30.2,22.7,1.2,0.4,2.4,2.4,4.9,8.8,11.7,19.6,18.8,29.8,132767.0,0.0,0.00037468098211584764,0.0,865.0,6269333.411947,0.00013797320116228532
11101,0.0013331301896853812,190,2.406218009523392e-06,6,7.598583187968607e-08,0.01906077970601952,6.8,4.8,3.7,3.4,6.4,28.6,18.2,11.8,4.2,4.6,5.0,1.6,0.8,0.5083136121953469,0.4916863878046532,41.0,13.7,0.6,26.5,0.0,10.0,21.8,4.6,4.6,21.3,8.4,5.1,32.1,23.8,2.8,3.7,6.4,6.1,10.7,10.7,8.5,16.5,10.5,24.0,89525.0,0.0019806505675325665,0.00033248867169487965,52.0,3387.0,78962088.74175699,4.289400209608279e-05
11102,0.0008248880509073768,101,5.283460690452783e-06,3,1.5693447595404306e-07,0.04722950535404421,5.6,2.6,2.9,3.6,6.3,29.5,16.0,11.5,4.0,4.8,7.9,3.6,1.5,0.4849254205014281,0.5150745794985718,58.0,7.7,0.7,16.5,0.1,11.0,25.7,7.2,3.3,20.1,9.7,5.5,34.7,19.6,4.2,5.4,8.5,5.3,9.0,10.8,11.0,17.9,10.0,17.9,81462.0,0.0002062220127268442,0.0017756612839280126,7.0,1742.0,19116258.4369194,9.112661903731434e-05
11103,0.0010984987184181618,169,8.357071609446205e-06,3,1.4835038359963677e-07,0.01148112881334755,4.9,3.0,2.9,3.5,5.6,31.6,17.0,11.7,5.5,3.9,6.5,3.1,0.8,0.494706231118891,0.505293768881109,66.5,2.9,0.3,14.3,0.0,8.7,24.1,6.9,3.4,19.8,9.6,6.0,36.0,18.3,4.0,1.3,6.5,6.9,9.2,16.2,13.8,22.9,11.4,7.8,81677.0,0.0001830831197363603,0.001890676188849504,7.0,2376.0,20222394.625525896,0.00011749350381091234
11105,0.0009483552809841218,111,2.2747948917485836e-06,7,1.4345553371387464e-07,0.05635688000731774,5.7,4.2,3.8,2.9,5.3,27.2,15.4,11.5,6.4,4.6,6.6,4.6,1.7,0.5060343906867457,0.4939656093132543,73.0,2.7,0.2,10.3,0.0,5.6,22.4,6.5,4.9,19.1,11.0,7.4,32.0,19.1,1.6,1.3,6.1,7.8,7.1,16.5,14.3,20.4,11.9,13.1,86516.0,0.00010838346068389965,0.0007563385610348941,4.0,3925.0,48795608.0799341,8.043756711813685e-05
11106,0.0006983059614638562,121,5.069950074897386e-06,3,1.2570124152638147e-07,0.03915062942982924,4.4,4.6,4.0,2.8,6.0,27.7,15.2,11.2,5.5,4.6,7.3,4.5,2.2,0.4851188871515609,0.5148811128484391,54.9,7.6,0.2,17.9,0.0,13.1,27.6,8.0,4.7,19.2,11.1,6.7,31.8,18.4,2.8,2.9,5.0,11.1,10.5,16.1,11.5,16.5,11.3,12.4,71865.0,0.00015517910254752359,0.0016200795012058465,6.0,1964.0,23866112.725468803,8.229241278593773e-05
11203,0.0006021009479887266,19,3.1329955563546953e-07,2,3.2978900593207324e-08,0.021886931079602316,5.3,5.8,5.8,5.5,5.9,15.1,12.7,11.8,7.3,6.9,9.8,6.1,2.1,0.4433231514776579,0.5566768485223421,4.4,86.5,0.2,2.0,0.0,2.8,6.8,4.9,5.8,36.0,18.5,8.0,17.8,9.0,4.1,2.7,6.7,8.5,12.5,16.6,13.9,20.1,9.4,5.4,57707.0,0.0,0.0012871664901528818,0.0,5141.0,60644835.45615649,8.477226397483942e-05
11204,0.000491248028544096,114,2.617369229683583e-06,1,2.2959379207750728e-08,0.019838262118495754,9.3,8.2,7.6,5.7,5.0,14.8,12.2,11.3,5.8,5.6,7.7,4.1,2.8,0.4982067510548524,0.5017932489451477,55.5,1.1,0.6,33.2,0.0,7.0,11.9,16.8,9.9,27.8,10.3,6.2,19.5,9.5,3.3,3.7,10.6,10.6,14.5,14.3,13.7,15.5,7.4,6.5,54984.0,0.00010342063758823073,0.00177599981923635,8.0,4731.0,43555184.613285,0.00010862082303186868
11205,0.0007051671732522796,191,8.207940938422397e-06,5,2.1486756383304705e-07,0.03683565373756131,9.7,8.2,6.7,8.0,8.3,20.4,14.5,9.2,3.3,3.8,4.2,2.5,1.2,0.4587180879956546,0.5412819120043455,52.6,28.6,0.5,6.2,0.0,6.9,16.4,6.1,9.8,18.9,12.2,5.0,28.9,19.1,7.9,4.3,9.3,8.2,11.9,14.8,7.0,11.2,11.4,14.1,62952.0,0.00026747720364741644,0.001767285712526812,11.0,2640.0,23270147.949762303,0.00011345007370384883
11206,0.0006939874364343405,143,3.513451275121514e-06,3,7.370876800954224e-08,0.03950621414598724,8.9,7.2,7.7,6.4,9.0,21.3,12.3,9.0,4.8,3.6,5.6,3.1,0.9,0.4789209922487699,0.5210790077512301,46.2,22.5,1.0,6.4,0.2,17.6,37.6,13.0,12.6,25.5,13.7,5.3,21.6,8.3,9.7,8.1,13.9,13.1,13.7,14.1,10.7,8.7,3.8,4.3,43065.0,0.0002752019144481005,0.0020534034287991642,23.0,4068.0,40700720.9727291,9.994908942093928e-05
11207,0.0008871691820941468,52,7.030232381577972e-07,1,1.3519677656880714e-08,0.1331564595365182,7.4,6.8,6.1,5.4,6.8,16.7,13.5,12.5,5.6,6.0,7.2,4.1,1.9,0.4559080854435604,0.5440919145564397,13.8,63.7,0.3,1.5,0.1,15.4,32.6,9.5,10.8,36.0,17.4,8.4,12.8,5.1,10.4,5.5,9.4,9.1,13.0,17.8,13.6,12.8,5.1,3.3,42276.0,0.0003313523451195006,0.0012648469628671322,31.0,8634.0,73966260.541061,0.00011672889688950808
11208,0.0006567100942696749,25,3.152438658055086e-07,2,2.5219509264440684e-08,0.16521731275857615,7.8,7.4,7.8,6.7,6.7,16.0,13.1,11.6,7.0,5.3,7.0,2.8,0.9,0.4722877243583498,0.5277122756416502,23.3,52.8,0.2,6.7,0.1,13.4,39.9,8.9,8.4,49.3,12.5,6.2,11.2,3.6,12.1,3.1,10.0,9.6,13.1,17.6,11.8,13.3,4.5,4.8,45946.0,0.00018006567100942696,0.0011904869348279225,17.0,8245.0,79303684.263991,0.00010396742694265673
11209,0.0008086058768319977,229,3.959039400697265e-06,1,1.7288381662433473e-08,0.1275055202350708,6.0,5.1,4.8,5.3,4.9,16.0,14.6,12.5,6.6,6.6,10.1,5.0,2.6,0.4806195881113972,0.5193804118886028,70.8,4.2,0.1,13.1,0.1,5.9,17.8,5.2,6.1,18.1,13.9,5.8,28.5,22.4,2.8,1.5,5.3,5.3,7.4,13.8,11.2,21.9,11.9,18.9,79524.0,0.0001588332972348567,0.0011973068720318302,11.0,6201.0,57842313.9612272,0.00010720525468874996
11210,0.0005069557308363279,14,2.9235477850214126e-07,1,2.0882484178724375e-08,0.012653659279723822,6.1,6.8,7.1,7.1,6.4,14.0,12.6,11.8,6.6,5.9,9.9,3.8,2.0,0.4730307739134614,0.5269692260865386,31.8,56.5,0.0,3.8,0.0,4.6,7.6,4.0,6.0,25.8,19.9,8.1,22.1,14.1,3.7,0.7,5.7,5.9,11.3,17.7,13.6,19.4,10.6,11.4,70776.0,0.00011928370137325359,0.0014005255664145074,8.0,5452.0,47887022.9921604,0.0001138513037424053
11211,0.00136376332955423,210,5.188915865626125e-06,3,7.412736950894464e-08,0.037709916831625785,9.2,6.6,6.0,5.3,6.6,26.9,15.7,8.6,3.3,3.2,5.0,2.4,1.4,0.5074358508430485,0.4925641491569514,71.2,6.3,0.3,6.4,0.0,10.3,23.9,7.7,8.3,17.9,10.2,3.6,33.6,18.8,4.7,6.1,11.8,8.5,9.6,11.6,8.3,11.8,9.5,18.1,90871.0,0.00044363385419233993,0.0015038219452279602,27.0,4143.0,40470881.6712834,0.00010236989729185256
11212,0.0005842653757184079,19,4.526816184308885e-07,2,4.765069667693563e-08,0.05095504265372634,6.3,5.1,6.8,5.6,5.9,16.1,12.9,13.0,7.4,6.5,8.5,4.3,1.5,0.4221808014911464,0.5778191985088537,8.6,77.4,0.1,0.9,0.1,6.7,18.0,8.1,13.8,35.0,19.2,8.3,11.7,3.8,13.4,4.4,12.0,11.7,13.8,17.5,8.2,12.8,3.3,2.8,29385.0,0.00011923783177926692,0.001998136663753942,10.0,4205.0,41972104.0714198,0.00010018558976325717
11213,0.0005606638259699485,35,1.1811951928023957e-06,2,6.74968681601369e-08,0.08796212235201502,6.7,5.4,6.2,5.8,8.5,17.9,13.4,11.4,6.5,5.0,7.5,4.3,1.4,0.4671128788103648,0.5328871211896352,25.2,64.2,0.1,2.1,0.0,5.2,11.7,7.4,10.8,24.1,18.6,6.1,19.4,13.7,6.6,5.7,11.9,8.5,13.6,12.5,11.3,15.6,7.8,6.6,48318.0,0.00019222759747541092,0.0021067797458823533,12.0,3652.0,29631004.437939003,0.00012324928126040998
11214,0.0006063260012800216,86,1.407608366363177e-06,1,1.6367539143757873e-08,0.14606656582384198,6.8,5.8,5.6,4.9,5.9,13.8,13.7,14.0,6.7,6.0,8.6,5.2,3.2,0.4902182091798344,0.5097817908201655,46.8,2.0,0.2,36.9,0.0,10.0,17.7,15.1,8.6,25.6,11.6,7.5,20.6,11.0,3.4,2.4,10.0,8.9,13.5,15.3,13.9,16.7,8.1,7.8,57639.0,0.0002357934449422306,0.0014577094036822198,21.0,4341.0,61096539.3891465,7.105148742305292e-05
11215,0.0012169680111265646,612,9.883270541331786e-06,21,3.3913183230060053e-07,0.349510263246188,7.8,5.8,5.5,3.4,2.8,20.8,19.9,13.6,5.2,4.2,6.9,2.9,1.2,0.4861204371740839,0.5138795628259162,74.2,4.1,0.2,9.1,0.0,5.0,15.8,3.0,3.2,7.7,5.7,4.1,35.8,40.6,2.1,0.4,3.4,1.0,2.9,6.2,7.0,17.2,16.2,43.5,144330.0,0.0003951194841320015,0.001021788061586838,25.0,6360.0,61922821.74616379,0.00010270849778246758
11216,0.0027291968363595855,285,1.0763559646093111e-05,2,7.55337519024078e-08,0.047256006249033984,5.7,4.7,3.0,2.6,7.0,29.5,15.3,11.8,4.7,4.8,6.1,3.7,1.3,0.457384122081018,0.542615877918982,32.1,51.0,0.2,4.9,0.0,4.1,12.3,4.8,5.9,19.7,11.8,6.2,32.1,19.5,3.8,3.4,5.0,4.4,11.1,15.5,12.3,17.3,10.0,17.2,77343.0,0.0001856596487319446,0.0020341994724837444,10.0,3512.0,26478229.263443302,0.00013263726834062808
11217,0.002157585688925304,393,1.8153969668122924e-05,4,1.8477322817427914e-07,0.023101515139725713,8.6,4.1,4.2,3.2,4.0,27.0,17.9,11.4,4.6,4.3,6.4,3.1,1.4,0.4684298532771249,0.5315701467228751,57.0,19.5,0.1,9.2,0.1,5.2,15.6,3.7,5.0,9.0,8.2,3.5,37.4,33.2,2.0,1.0,4.3,4.8,6.1,7.3,9.7,14.8,10.5,39.4,122598.0,0.0006554690700532567,0.0016913679374003074,24.0,3244.0,21648157.7960373,0.00014985108804934041
11218,0.0008439402324294411,175,4.746560907737267e-06,3,8.13696155612103e-08,0.023196334988544228,8.5,6.5,8.3,5.9,5.4,14.4,15.3,12.8,5.6,5.0,7.7,3.4,1.2,0.5073826419213974,0.4926173580786026,59.2,9.2,0.4,19.7,0.0,5.9,14.5,7.9,7.3,20.5,12.4,5.0,24.9,22.0,1.8,3.2,9.0,7.5,8.2,14.9,9.9,17.7,11.0,16.8,78249.0,0.0001936912008854455,0.0019604652709214266,14.0,4868.0,36868798.989756204,0.00013203576285065726
11219,0.0005833990557578245,68,1.6189420614337343e-06,1,2.3807971491672564e-08,0.009954900654994435,13.7,10.2,9.0,7.2,6.9,14.3,10.7,8.2,3.8,4.1,6.9,2.8,2.1,0.4988384275497654,0.5011615724502346,65.7,1.5,0.4,24.3,0.1,6.8,12.4,17.3,14.2,35.5,9.2,3.6,13.7,6.6,4.8,6.8,16.3,13.4,14.0,15.4,10.3,11.2,3.8,3.9,41907.0,0.00020527003813701237,0.0022036896492407037,19.0,4463.0,42002738.467230394,0.00010625497676733466
11220,0.000801998827847867,368,7.754913414571155e-06,5,1.0536567139362982e-07,0.13065932029568386,7.4,7.0,6.4,5.0,5.4,17.8,15.2,12.5,5.6,5.2,7.9,3.6,1.2,0.4934202543653552,0.5065797456346449,30.6,3.2,0.5,41.3,0.0,20.3,40.3,22.3,19.9,22.0,8.4,4.2,14.6,8.5,4.1,4.3,13.3,11.6,13.5,19.1,11.4,11.8,6.0,5.0,55119.0,0.00019535868883473683,0.0020495098205460514,19.0,4677.0,47453785.7906374,9.855904902160132e-05
11221,0.0008101505633662379,137,3.5510185061918885e-06,3,7.77595293326691e-08,0.023337376676838363,5.7,5.6,5.1,4.8,9.6,25.8,13.5,10.7,4.7,4.3,6.3,2.9,1.1,0.4643616648360637,0.5356383351639363,25.5,44.1,0.5,4.1,0.1,18.9,33.8,7.7,9.7,25.1,15.7,6.6,23.7,11.6,9.7,6.1,8.6,5.5,8.6,14.5,14.3,17.0,7.6,8.1,65548.0,7.478312892611427e-05,0.0020796008524729018,6.0,5098.0,38580480.4343075,0.00013213936017931568
11222,0.002120335949332232,225,5.253904480148923e-06,8,1.8680549262751723e-07,0.045813219981136424,4.8,3.3,2.1,2.1,5.2,31.7,21.7,10.1,4.2,3.8,5.6,3.7,1.9,0.4859983655679651,0.5140016344320348,79.9,3.4,0.2,5.3,0.0,4.5,15.2,4.6,4.1,14.6,13.2,3.9,40.1,19.6,5.0,1.2,4.8,6.9,7.4,12.1,12.2,16.4,10.9,23.1,96435.0,0.0003029051356188902,0.0008479801830960362,11.0,3704.0,42825293.236702,8.649094308654048e-05
11223,0.0003380747270359611,65,1.107270237355648e-06,1,1.703492672854843e-08,0.02590151316237804,9.1,7.1,5.9,5.5,5.5,14.1,12.3,11.4,6.9,6.2,8.4,4.4,3.1,0.4863354037267081,0.5136645962732921,55.5,5.3,0.1,25.0,0.2,10.0,13.4,11.7,8.9,28.7,10.6,7.0,20.0,13.0,5.8,3.8,10.0,8.9,10.1,14.7,11.3,17.0,8.2,10.3,56908.0,0.00022538315135730742,0.001360477388248792,18.0,5981.0,58702923.46629959,0.00010188589676344816
11224,0.0004435483870967742,67,1.4346285663888795e-06,16,3.425978666003294e-07,0.261575327674257,4.7,5.4,5.4,5.6,4.9,11.7,8.4,10.6,8.0,6.5,14.3,10.6,3.9,0.4576304648254985,0.5423695351745015,54.9,20.6,0.1,7.4,0.0,12.0,20.3,9.5,8.4,26.7,9.6,8.0,19.9,17.9,5.7,6.9,15.4,11.3,15.9,15.1,6.3,9.9,6.0,7.5,35776.0,0.00020161290322580645,0.001062053386461021,10.0,1949.0,46701983.7536391,4.1732702625252616e-05
11225,0.0007076264440002123,124,5.232369944859477e-06,1,4.219653181338288e-08,0.02397437615545766,4.0,4.6,5.4,5.3,6.1,22.3,13.0,13.7,5.5,5.2,8.2,4.7,1.9,0.4533813668140962,0.5466186331859039,29.8,59.8,0.3,2.6,0.0,4.5,10.0,5.0,6.9,21.3,18.3,6.0,25.5,17.1,3.6,4.2,6.6,6.6,13.8,16.5,14.7,15.7,8.6,9.6,65200.0,0.0002476692554000743,0.002385243353815094,14.0,2868.0,23698630.1249252,0.00012101965324078208
11226,0.0006407115667282252,80,2.0300138419946426e-06,4,1.0150069209973213e-07,0.059750958410037025,6.5,5.6,5.5,5.9,6.3,20.5,15.4,12.0,5.3,5.3,7.5,3.1,1.1,0.4567744882282108,0.5432255117717892,15.7,66.6,0.7,2.9,0.0,10.2,15.9,6.0,7.8,33.3,16.7,4.7,20.1,11.4,4.7,3.6,5.3,9.4,13.1,19.2,12.7,15.9,9.4,6.5,60896.0,0.0001790223495270041,0.002693117863482193,19.0,3875.0,39408598.279011704,9.832879547161551e-05
11228,0.00030176415970287836,52,1.184698487238646e-06,3,6.834798964838342e-08,0.38128689127327814,5.7,5.1,5.4,5.3,5.2,14.1,12.8,13.6,6.9,6.7,10.3,6.0,2.9,0.488741510551985,0.511258489448015,53.6,1.4,0.1,37.0,0.1,4.9,12.1,11.9,6.2,28.7,10.5,6.6,23.6,12.5,2.9,2.4,6.2,7.6,9.8,14.5,11.1,21.5,11.3,12.7,76278.0,0.0001392757660167131,0.0009814771313507858,6.0,3785.0,43893024.7317224,8.623238027304375e-05
11229,0.00027635413526278766,50,8.316793152340736e-07,4,6.653434521872589e-08,0.06428051179825418,6.1,6.2,6.5,4.9,5.6,13.2,11.9,11.7,6.5,7.6,11.7,5.6,2.6,0.4790682342599714,0.5209317657400285,63.6,6.4,0.3,22.9,0.1,3.6,9.7,9.2,5.0,27.5,12.1,7.7,23.3,15.3,3.7,3.5,7.0,7.3,10.6,12.8,13.1,19.5,10.7,11.8,66332.0,6.280775801426992e-05,0.0013241665385430824,5.0,6099.0,60119326.144269496,0.00010144824287225228
11230,0.00045759798162187565,47,9.413799991907949e-07,6,1.2017617010946316e-07,0.025365420476999356,10.0,6.7,6.9,6.1,5.8,15.5,10.8,10.5,5.4,5.8,9.6,4.1,2.7,0.4923383951919989,0.5076616048080012,69.0,7.2,0.3,14.3,0.0,5.3,11.4,8.0,8.8,20.1,12.0,7.4,24.6,19.0,3.7,4.1,6.8,8.6,12.1,17.1,11.4,15.9,9.8,10.4,57770.0,0.00024735026033614904,0.0016195140977568105,20.0,7336.0,49926703.39331721,0.00014693539732050365
11231,0.0005581704079169684,256,6.386959237660902e-06,3,7.48471785663387e-08,0.08698906932236933,9.3,7.3,5.3,4.0,4.1,17.3,19.4,14.2,5.4,4.3,5.7,2.8,0.7,0.4553127315059794,0.5446872684940205,66.8,14.7,0.4,5.8,0.7,5.2,16.1,4.8,5.2,11.9,9.1,3.0,33.6,32.4,7.0,4.0,4.6,4.2,6.2,7.2,6.8,12.0,12.8,35.2,108525.0,0.00018102824040550325,0.0008269116288009098,6.0,3660.0,40081671.17937564,9.13135578509332e-05
11232,0.0010839741201178821,281,5.028716912932164e-06,5,8.947894862868618e-08,0.024053088243548588,6.1,6.6,5.6,4.2,5.9,24.3,16.9,14.1,4.9,3.7,5.0,2.3,0.6,0.5433379872457643,0.4566620127542357,43.7,7.6,1.3,15.9,0.1,25.4,51.7,16.7,13.2,21.1,11.5,4.2,19.6,13.6,4.5,6.5,6.7,9.7,12.5,14.1,11.4,14.5,11.0,9.0,74072.0,0.0001693709562684191,0.000528301608493489,5.0,2110.0,55879065.1502698,3.776011632130557e-05
11233,0.0010788618008001558,58,1.531486827249485e-06,2,5.280989059480983e-08,0.04600163198970661,7.2,6.2,5.6,5.6,8.0,19.6,13.2,13.0,5.0,5.2,6.3,3.7,1.5,0.4573036242418166,0.5426963757581834,13.1,73.8,0.1,2.3,0.0,7.6,15.6,6.9,9.8,32.3,14.7,6.9,19.5,9.9,14.4,3.2,8.9,8.5,14.1,11.9,13.4,13.6,5.2,6.8,48278.0,0.0002097786834889192,0.0017621868343129113,14.0,4732.0,37871693.6822543,0.00012494820114732004
11234,0.0005125039311381081,42,2.036847145973718e-07,5,2.4248180309210927e-08,0.21792922867506523,5.6,5.6,6.6,5.8,5.8,11.7,12.5,13.1,7.3,7.2,10.7,5.9,2.2,0.4642477758597796,0.5357522241402204,38.8,45.3,0.3,7.4,0.0,4.8,10.8,5.5,5.8,28.9,15.5,8.2,21.4,14.7,2.4,2.0,5.0,5.9,7.9,13.1,14.9,21.1,13.6,14.1,84116.0,0.0,0.0004163558048173372,0.0,11253.0,206201040.087973,5.4572954603910105e-05
11235,0.0008012610009194798,129,1.8681085521206694e-06,6,8.688876986607765e-08,0.19852167935331,6.5,4.3,4.7,4.0,4.2,13.6,12.1,12.6,6.8,6.9,12.3,7.7,4.3,0.4786209227649146,0.5213790772350854,73.4,2.2,0.1,13.1,0.0,5.6,8.6,6.4,4.9,22.8,9.5,8.3,26.9,21.0,2.1,4.0,11.1,7.1,10.0,17.2,12.2,15.8,9.0,11.6,56308.0,0.00018389596742414288,0.001102473674984082,14.0,5157.0,69053803.0317134,7.468089769989372e-05
11236,0.0006033022861981371,22,2.2827735606014452e-07,2,2.075248691455859e-08,0.14674507998106737,6.3,6.4,5.9,6.0,6.4,14.8,13.0,12.4,7.4,6.7,8.9,4.2,1.6,0.4389552827840236,0.5610447172159764,5.4,85.8,0.1,2.7,0.0,4.0,7.6,5.6,6.1,31.4,18.3,9.3,19.2,10.0,4.3,2.4,5.4,6.3,8.6,16.1,15.6,22.5,10.3,8.4,74015.0,5.292125317527519e-05,0.000980347481843748,5.0,6859.0,96373991.6201046,7.117065387347869e-05
11237,0.001175635958244654,194,7.0736138155480025e-06,0,0.0,0.023719675902872214,4.5,4.7,6.3,4.9,9.6,28.7,14.2,10.9,4.5,3.7,4.8,2.7,0.6,0.5078893354998717,0.4921106645001283,35.5,12.4,1.3,5.7,0.1,37.6,60.0,13.1,13.3,20.8,11.3,5.1,26.6,9.7,7.1,4.9,16.4,10.4,15.7,14.6,11.8,10.7,5.6,2.9,57375.0,0.00038512212425255904,0.0017988491628353645,19.0,2951.0,27425868.1713133,0.00010759914623547503
11238,0.0014786559231956113,308,1.046571640804128e-05,7,2.3785719109184732e-07,0.13450566458086247,6.6,3.8,4.2,2.1,2.9,27.8,17.8,12.7,5.4,4.5,7.2,3.4,1.7,0.4552466335160249,0.5447533664839752,53.7,29.6,0.2,6.0,0.0,3.0,10.3,3.5,5.6,10.4,8.9,3.9,35.7,31.9,2.3,3.0,3.6,5.1,5.3,9.9,11.1,14.4,14.7,30.6,100568.0,0.0004928853077318703,0.001585623995015709,23.0,3872.0,29429423.4614794,0.00013156900627251896
11239,0.00023881547524279574,23,5.503095270497318e-07,1,2.39265011760753e-08,0.13841044831172644,4.2,5.3,6.6,5.0,5.9,8.2,9.7,10.3,8.0,5.7,12.1,12.4,6.4,0.3919887780548628,0.6080112219451371,25.3,59.5,2.9,3.6,0.0,4.7,18.6,7.9,7.4,38.5,15.8,10.6,11.8,8.0,4.8,12.9,16.4,17.6,11.6,14.6,10.8,6.1,2.3,2.9,29571.0,0.0,0.000300564707773858,0.0,988.0,41794660.76719671,2.36393831619624e-05
11354,0.0005638615976078599,114,1.8391502591887503e-06,3,4.83986910312829e-08,0.04344045463598673,5.2,3.6,4.0,3.6,4.4,14.7,11.6,15.4,9.1,6.7,10.6,6.9,4.2,0.4602586388034613,0.5397413611965387,18.8,3.1,0.2,65.0,0.1,8.5,14.3,13.0,12.6,29.3,12.4,8.7,14.8,9.2,6.8,2.5,10.8,14.4,13.5,17.9,12.1,12.7,4.6,4.8,45838.0,0.00017086715079026057,0.0009441777975352773,10.0,5824.0,61985147.4508045,9.395799218873054e-05
11355,0.000446811336931976,73,1.4782391327990953e-06,9,1.8224866020810765e-07,0.12241342721689935,6.0,4.3,4.5,3.7,4.8,14.6,12.9,15.4,7.8,6.4,11.0,5.9,2.6,0.4813908896482215,0.5186091103517786,12.4,2.7,0.5,72.2,0.1,9.4,15.7,17.2,15.4,28.4,9.1,8.3,13.2,8.4,8.1,3.6,12.9,10.4,14.4,17.2,12.4,11.6,4.7,4.7,45527.0,0.0,0.0016768699225747983,0.0,5287.0,49383079.083945,0.00010706096294669612
11356,0.00029941400402070235,30,6.925022438023397e-07,3,6.925022438023397e-08,0.05518064320272931,7.8,5.3,7.7,7.1,5.4,12.9,16.6,12.7,5.2,5.0,9.3,3.3,1.6,0.4902390603027546,0.5097609396972455,30.1,1.9,0.2,29.5,0.2,33.8,43.3,10.5,10.4,32.8,14.3,10.6,15.0,6.5,1.1,1.6,8.3,10.1,11.0,23.0,11.1,20.3,7.2,6.4,64324.0,0.0,0.0005396669985951633,0.0,3099.0,43321159.272031,7.153548178478169e-05
11357,0.00020542317173377156,12,1.55120707897352e-07,3,3.8780176974338e-08,0.036272542753629275,5.9,4.2,6.5,4.7,4.0,10.4,11.6,15.6,6.0,7.6,12.6,7.3,3.7,0.4816042674111372,0.5183957325888628,65.0,0.7,0.0,24.8,0.0,6.3,17.3,11.1,6.3,24.3,15.7,6.8,22.7,13.2,1.7,1.8,3.8,7.5,10.7,15.3,12.6,23.0,10.4,13.1,82858.0,0.0,0.0005034184040295397,0.0,9449.0,77359110.6091442,0.00012214463074350658
11358,0.0003709297088201786,28,5.126088871634626e-07,1,1.8307460255837948e-08,0.006000461160189875,6.0,4.9,5.2,4.3,5.4,13.4,13.6,13.9,7.6,7.3,10.4,5.4,2.6,0.4865130233192418,0.5134869766807583,38.6,1.3,0.4,47.2,0.0,8.2,17.9,8.8,8.2,24.1,15.0,11.1,19.1,13.6,4.2,1.7,5.5,6.7,13.5,14.9,12.5,20.3,10.2,10.6,70777.0,0.0,0.0006909784724360916,0.0,6928.0,54622541.0857367,0.00012683408465244528
11360,0.00015811943287830075,3,7.72502531944997e-08,3,7.72502531944997e-08,0.4195049689332654,5.2,2.4,4.2,4.3,5.3,10.2,11.2,13.0,7.9,8.2,12.6,10.0,5.6,0.4582362904933305,0.5417637095066695,60.5,1.2,0.6,32.4,0.0,3.3,10.9,6.3,3.7,20.0,14.5,6.8,25.1,23.5,1.6,0.7,3.5,7.0,3.6,13.3,11.5,24.7,19.3,14.8,84356.0,0.0,0.0004885563512864144,0.0,2498.0,38834824.1713414,6.432371082662009e-05
11361,0.00038601909039865246,31,6.179789832446376e-07,8,1.5947844728893871e-07,0.17320125663609368,4.7,4.1,6.1,4.0,4.7,14.3,11.5,14.6,8.8,6.4,11.9,5.2,3.8,0.4742560723423645,0.5257439276576356,45.6,4.8,0.3,42.1,0.0,3.1,12.1,7.3,6.5,20.7,13.8,9.4,24.5,17.9,3.2,1.5,5.1,4.8,8.7,13.4,12.1,23.0,11.8,16.4,86545.0,0.0,0.0005680622292431997,0.0,6181.0,50163518.2433512,0.0001232170353366163
11362,0.0005082735641271813,3,5.4864114078960257e-08,0,0.0,0.3284619482544956,5.2,6.0,3.8,4.6,4.4,9.4,12.8,14.1,8.0,7.0,13.1,6.6,5.0,0.4588638065689526,0.5411361934310474,45.1,2.6,0.0,46.0,0.0,2.8,10.2,5.2,4.9,20.8,13.0,8.5,26.8,20.8,1.9,0.3,3.0,8.1,5.0,12.6,10.3,25.1,21.7,12.0,92212.0,0.0,0.0003238262893320498,0.0,4429.0,54680551.219371006,8.099772041857165e-05
11363,0.00014164305949008498,2,8.249875522006689e-08,0,0.0,0.21011981042026245,6.2,6.3,4.5,3.0,4.1,9.9,13.3,13.0,9.5,6.5,11.8,8.4,3.6,0.4607843137254902,0.5392156862745098,54.7,1.9,0.0,34.1,0.0,2.8,12.6,6.8,2.0,12.8,13.3,5.5,32.7,26.8,1.7,5.7,1.9,5.7,5.4,10.0,7.0,18.7,18.2,25.8,111094.0,0.0,0.0002912206059268361,0.0,2851.0,24242790.0234975,0.00011760197556620538
11364,0.0004125290980345935,8,9.494459769062368e-08,5,5.93403735566398e-08,0.318614100427746,4.9,5.1,6.4,5.3,4.6,10.8,13.3,14.2,7.8,7.7,13.1,4.5,2.4,0.4924998605922043,0.5075001394077957,38.1,3.8,0.7,48.4,0.0,4.8,15.9,7.0,4.6,22.3,12.8,8.8,27.4,17.2,2.4,1.4,4.5,6.6,7.0,14.5,13.7,24.2,12.9,12.8,87135.0,0.0,0.000402766851478337,0.0,7054.0,84259665.0529601,8.371739901370742e-05
11365,0.00022206869324911172,24,3.458917719665916e-07,5,7.206078582637324e-08,0.24343167370282695,6.7,4.1,6.2,5.1,4.3,15.0,12.7,13.2,8.2,7.0,8.6,6.5,2.4,0.4676652183855477,0.5323347816144524,30.7,9.0,0.1,45.9,0.0,6.3,19.9,8.4,5.4,25.3,13.3,9.8,23.9,13.9,4.3,2.8,4.5,10.2,11.0,13.2,17.5,17.4,11.1,7.9,70102.0,0.0,0.0005840959055942509,0.0,7428.0,69385865.5947389,0.00010705350342366008
11366,0.0002278250303766707,18,8.841475548340501e-07,0,0.0,0.021803946808552105,6.1,4.7,5.2,4.8,9.9,13.1,10.2,13.3,6.6,8.3,9.6,5.8,2.4,0.4908214614784889,0.5091785385215111,37.5,5.8,0.0,47.4,0.0,6.8,11.2,6.7,7.1,20.6,13.2,7.5,26.0,19.0,1.2,2.8,2.6,5.7,10.6,17.5,7.3,21.4,16.7,14.2,91795.0,0.0,0.0006468030556697097,0.0,3013.0,20358592.7502548,0.00014799647681749958
11367,0.0003830225265123405,34,4.6696785074887e-07,7,9.614043986006148e-08,0.14535932555022651,9.2,6.6,5.2,6.2,5.9,15.2,11.9,10.1,5.6,6.1,9.3,5.7,2.8,0.4737799257616901,0.52622007423831,53.0,7.2,0.4,28.1,0.0,6.3,18.1,7.9,5.5,26.2,11.6,6.9,24.0,18.0,3.5,3.0,8.3,9.7,11.2,13.3,14.4,15.4,13.2,8.1,64332.0,0.0,0.0005737249420391926,0.0,5221.0,72810151.58854009,7.170703378705442e-05
11368,0.0009626933409126333,121,1.669203504576554e-06,11,1.517457731433231e-07,0.3143048502904434,8.1,7.0,7.2,6.0,6.1,17.6,16.3,13.1,5.0,4.1,5.1,2.8,1.4,0.5231683860814828,0.4768316139185173,31.4,9.7,0.9,13.3,0.0,39.1,74.9,25.6,10.7,31.8,11.8,6.1,11.0,3.0,3.4,3.5,9.5,13.1,16.4,20.7,13.0,13.8,3.7,2.9,56904.0,0.00012835911212168445,0.0015046145209971914,14.0,4346.0,72489663.284463,5.9953375461898375e-05
11369,0.0009707209570783922,46,1.5302476783393556e-06,2,6.653250775388503e-08,0.03313131935471562,5.8,4.6,6.2,5.4,5.7,14.5,13.7,14.4,6.9,6.1,9.2,5.3,2.3,0.504773075294041,0.49522692470595897,25.9,16.7,0.4,14.6,0.0,36.7,59.3,11.5,8.7,39.0,11.7,7.7,13.8,7.6,5.5,1.8,6.3,9.0,13.9,17.2,15.3,18.6,7.1,5.3,61860.0,0.0,0.0012679765327735409,0.0,3296.0,30060493.2463742,0.00010964557277840252
11370,0.0005050380626247197,47,1.1246592220580204e-06,2,4.7857839236511507e-08,0.03650126415060075,3.9,3.8,4.0,6.6,8.0,19.2,15.2,15.4,5.9,4.5,7.5,3.1,3.0,0.5880269699652659,0.4119730300347341,42.7,14.9,1.3,23.4,0.0,13.8,36.4,10.5,15.9,35.5,10.2,6.1,14.6,7.3,1.7,1.9,3.3,8.3,10.2,19.0,14.6,20.7,10.9,9.5,67582.0,0.0,0.0009712987762246193,0.0,3179.0,41790436.6746706,7.607003546643503e-05
11372,0.0008403865778257998,125,6.199387003582239e-06,2,9.919019205731583e-08,0.017615605331924297,6.1,5.5,5.9,3.7,4.6,13.8,18.4,15.7,6.8,5.1,8.7,4.0,1.7,0.5022897618330772,0.4977102381669229,49.6,2.7,0.4,21.4,0.3,17.1,54.3,12.9,7.2,29.3,11.7,7.8,17.5,13.5,2.5,4.7,8.4,9.2,14.8,15.8,12.7,17.1,7.8,6.9,61239.0,0.0001200552254036857,0.003304818818965649,8.0,3295.0,20163283.874320198,0.00016341584141442783
11373,0.001105823344720681,128,3.0008303623103554e-06,6,1.4066392323329792e-07,0.019917490447909088,5.7,5.3,6.0,5.6,5.9,17.4,14.8,13.3,6.7,6.0,8.3,3.5,1.5,0.4887403492408933,0.5112596507591067,15.7,1.8,0.7,49.7,0.0,28.3,41.8,17.3,6.8,31.7,9.7,6.7,20.2,7.6,3.0,1.7,8.3,11.3,14.7,21.2,16.5,14.4,4.9,4.1,56835.0,0.00020734187713512762,0.00237445391215248,21.0,4204.0,42654860.3372075,9.855852221213073e-05
11374,0.00028066892761080574,62,2.4599700792524126e-06,3,1.1903081028640705e-07,0.014859736675962701,5.9,5.3,4.0,3.7,3.7,16.9,14.8,12.0,8.1,6.4,10.2,6.4,2.6,0.4630440321497232,0.5369559678502768,49.2,4.4,0.1,32.6,0.0,5.6,18.3,4.7,3.8,17.7,11.2,8.2,31.9,22.5,4.2,2.1,6.8,5.2,8.0,12.8,12.6,22.3,13.6,12.4,75266.0,0.00016372354110630338,0.0016963874312651112,7.0,3084.0,25203558.5810222,0.00012236367297442646
11375,0.0007439282328057764,164,2.9502891479139097e-06,5,8.994783987542408e-08,0.06802665452726583,6.4,5.6,3.9,2.9,3.0,15.6,14.3,13.2,7.5,7.9,10.3,6.4,3.0,0.4719961440473731,0.5280038559526269,58.0,3.3,0.1,28.6,0.0,3.7,15.2,3.6,2.3,14.0,10.9,5.9,33.7,29.6,2.2,1.7,4.2,3.8,6.3,11.7,13.5,20.7,14.3,21.6,88117.0,0.00021880242141346365,0.0012332748325319394,15.0,7059.0,55587771.8344865,0.0001269883603361237
11377,0.002421520715009026,179,2.491912161679923e-06,4,5.568518797050107e-08,0.01617533744132316,5.1,4.6,4.5,3.7,4.6,17.0,18.1,14.0,6.0,5.8,8.8,5.7,2.0,0.5064068957949793,0.4935931042050207,42.9,3.0,0.3,36.6,0.0,9.2,39.0,11.7,7.1,31.8,11.4,7.7,20.5,9.8,2.5,2.1,5.1,9.4,14.8,22.6,14.9,13.7,8.2,6.8,59910.0,0.00016510368511425176,0.0012647776743739908,15.0,5651.0,71832387.49448021,7.866924930532538e-05
11378,0.0013531418261776562,130,1.961952052692015e-06,1,1.5091938866861655e-08,0.01313610236744912,7.0,5.1,6.7,6.2,5.7,13.6,14.4,14.2,7.6,6.9,7.1,3.4,1.9,0.4948120820843902,0.5051879179156099,65.2,1.5,0.2,12.3,0.1,15.6,33.7,6.8,6.7,33.8,16.3,9.3,18.9,8.3,2.5,1.9,5.8,5.8,10.7,13.7,14.3,21.3,13.6,10.5,82326.0,0.0,0.0005353563474241835,0.0,4033.0,66260538.74335289,6.086578945005305e-05
11379,0.00022581009371118888,84,1.4577558735777256e-06,1,1.735423659021102e-08,0.05316575233442759,4.7,5.6,5.9,4.8,4.1,13.5,12.5,14.9,7.5,7.2,10.4,5.6,3.2,0.4770778189518264,0.5229221810481737,75.0,1.0,0.3,11.5,0.0,8.2,21.1,6.6,6.6,27.7,15.2,7.6,22.3,14.0,1.8,1.0,3.2,5.7,9.8,13.0,11.4,25.1,15.2,13.8,89700.0,2.8226261713898607e-05,0.000614825893917996,1.0,4893.0,57622817.0453818,8.491427963590251e-05
11385,0.0009854118411963104,424,3.3978085970750772e-06,9,7.212329569263135e-08,0.225603829392656,5.9,5.2,6.2,5.4,7.3,18.7,14.2,14.5,6.4,5.3,6.3,3.1,1.6,0.4967579147821947,0.5032420852178053,74.5,2.7,0.3,6.0,0.0,9.6,46.7,9.4,6.8,30.0,16.0,7.9,19.7,10.2,2.9,2.5,5.3,6.6,11.7,19.4,15.3,19.4,9.2,7.8,77044.0,0.00013206550449022716,0.0007888365260888732,13.0,10937.0,124786310.907857,8.76458316655899e-05
11411,0.0004940711462450593,2,5.5726454065071484e-08,2,5.5726454065071484e-08,0.06269288130603527,4.6,3.3,6.6,4.4,6.4,13.2,11.4,14.5,9.0,6.8,10.3,6.8,2.7,0.4668587896253602,0.5331412103746398,4.5,91.0,0.1,0.4,0.0,2.1,6.5,3.0,3.7,26.5,23.7,10.1,19.5,13.6,0.5,1.0,2.2,3.6,5.7,12.9,14.0,25.8,16.5,17.7,104269.0,0.0,0.000507556543624671,0.0,3229.0,35889597.383400895,8.997036008805792e-05
11412,0.000742454096347697,10,2.1813699035095268e-07,0,0.0,0.005201087947702188,5.3,4.8,5.7,5.9,7.5,14.0,11.1,15.1,8.8,7.4,8.1,4.4,2.0,0.4544449416905784,0.5455550583094216,2.5,86.3,1.0,2.4,0.2,4.5,6.4,5.0,6.8,32.5,22.8,8.1,15.5,9.3,2.0,1.2,4.4,4.9,8.3,14.8,15.7,25.2,12.1,11.4,85235.0,0.0,0.0007638939265100013,0.0,4697.0,45842752.226073,0.00010245894436784248
11413,0.0006099265546773742,73,8.467842636718519e-07,0,0.0,0.18807659402210775,4.7,5.7,6.3,6.1,7.0,12.7,13.7,14.0,6.9,6.7,8.4,5.7,2.2,0.4571633580483138,0.5428366419516862,2.2,90.2,0.3,1.2,0.2,3.7,6.2,4.0,6.2,31.1,22.8,9.4,16.0,10.4,1.0,0.8,3.5,3.7,9.2,15.8,16.2,26.8,11.8,11.3,91836.0,0.0,0.0004564399176879959,0.0,7470.0,86208498.5890682,8.665038972094156e-05
11414,0.00011473152822395595,17,2.659207341088554e-07,0,0.0,0.09696093813921709,4.4,4.6,6.4,4.6,4.1,11.0,12.5,13.0,8.1,7.0,11.6,7.8,5.0,0.4824371205550737,0.5175628794449263,77.7,4.2,0.0,5.1,0.0,6.9,21.5,4.7,6.9,31.8,19.2,9.2,15.3,12.9,4.0,2.4,4.8,4.7,9.3,15.2,12.1,17.5,11.3,18.7,75599.0,0.00015297537096527458,0.0004090173738516677,4.0,4650.0,63928824.719027005,7.273714197683397e-05
11415,0.0006845708267509215,33,1.9640192261725828e-06,1,5.9515734126441905e-08,0.052005661689597575,6.6,5.7,5.7,3.4,5.2,16.6,13.9,14.7,7.1,5.7,9.2,4.1,2.2,0.49301343154246097,0.506986568457539,60.7,5.2,1.4,16.7,0.0,10.7,24.2,4.0,3.7,19.1,16.3,8.6,27.2,21.2,1.8,4.4,5.3,4.2,8.7,15.9,12.4,17.2,14.2,15.8,75476.0,0.000315955766192733,0.0011302037910611315,6.0,1743.0,16802279.5094065,0.00010373592458238824
11416,0.0008260236793454746,8,4.2429401900868285e-07,0,0.0,0.014779858209483687,6.6,6.1,5.6,6.3,6.8,15.0,13.7,13.9,7.0,5.9,8.5,3.3,1.2,0.5184191359681067,0.4815808640318933,27.1,5.4,0.2,32.0,0.0,24.9,46.1,12.8,10.2,31.8,15.9,8.0,15.2,6.1,2.6,2.4,6.8,12.1,11.5,14.0,14.7,21.4,8.5,6.1,73471.0,7.866892184242615e-05,0.001348353355657218,2.0,1790.0,18854849.801303197,9.493578675319278e-05
11417,0.0005951964148168896,21,6.752609787912382e-07,0,0.0,0.04266620400027474,6.6,6.4,6.9,6.0,7.2,13.8,12.6,14.0,6.5,6.8,8.5,3.4,1.4,0.4598151238926692,0.5401848761073309,31.4,8.3,0.3,30.7,0.0,20.7,37.1,9.8,9.7,27.9,17.9,8.0,18.8,7.8,3.1,2.5,6.3,7.4,11.1,12.7,15.3,21.2,10.5,9.7,79210.0,0.00038512709194034035,0.0009184192417254926,11.0,3666.0,31099087.1079081,0.00011788127372612758
11418,0.0005190264157128418,18,5.620585921536392e-07,0,0.0,0.00028642174437020347,7.3,5.6,6.1,6.5,6.6,16.0,11.7,13.4,6.7,6.9,8.8,3.0,1.4,0.5107789518398556,0.4892210481601445,39.3,8.1,0.9,23.4,0.0,19.0,43.4,11.3,9.3,28.2,15.2,6.2,18.5,11.4,2.6,2.5,3.8,11.3,10.2,16.5,15.6,19.0,7.2,11.3,73856.0,0.00030048897751796107,0.0011430710490537928,11.0,3391.0,32025130.922791198,0.00010588559366627726
11419,0.0011901219875037191,21,6.713800079008335e-07,0,0.0,0.010599889771888648,5.6,4.5,5.1,5.5,7.9,15.5,12.1,15.0,7.4,6.1,9.3,5.3,0.8,0.5117923052862058,0.4882076947137942,8.5,13.6,0.6,38.4,0.1,29.8,18.5,17.5,9.8,32.6,12.6,6.3,14.5,6.7,2.8,1.3,6.9,6.9,10.2,16.6,16.1,22.0,10.0,7.3,79589.0,0.0001700174267862456,0.0015043388043698008,8.0,2805.0,31278858.102521602,8.967718676961133e-05
11420,0.001055278638466029,28,4.5249184401742115e-07,0,0.0,0.019923542277693225,5.5,4.7,5.3,6.5,6.8,16.0,12.0,14.8,8.7,7.1,7.3,4.0,1.3,0.5073625862141921,0.492637413785808,14.5,25.3,1.6,31.7,0.2,16.4,24.3,11.4,10.5,32.3,17.2,8.2,13.5,7.0,2.8,2.2,5.3,5.2,11.6,13.1,16.5,21.0,10.8,11.4,85190.0,4.4905473977277834e-05,0.0007197529196017108,2.0,5494.0,61879568.3727771,8.878536396541827e-05
11421,0.0006151637873583842,45,1.8507519291188075e-06,1,4.112782064708461e-08,0.03744235131510532,6.0,5.3,5.7,6.3,7.0,14.6,14.7,13.7,7.9,5.9,8.0,3.5,1.4,0.4985877843344934,0.5014122156655066,35.4,5.7,0.4,19.5,0.0,24.1,58.4,13.2,9.0,28.3,15.4,9.3,17.8,6.9,2.5,1.5,4.6,7.2,10.8,20.1,13.8,19.0,10.3,10.1,77738.0,0.00017942277131286204,0.001604560794725359,7.0,2855.0,24314441.7639082,0.00011741992794742656
11422,0.0005640532200802946,38,6.320622855150517e-07,1,1.663321803986978e-08,0.31955182420506134,5.2,4.4,6.0,6.3,5.7,16.0,12.8,14.6,7.0,7.5,9.3,3.9,1.3,0.4698651863600317,0.5301348136399683,7.4,83.9,0.3,2.5,0.0,2.9,8.8,3.5,7.4,27.5,23.5,8.8,18.7,10.7,0.6,1.3,4.3,3.8,9.0,13.5,20.2,26.0,12.3,9.0,93397.0,0.0,0.0005013085585036354,0.0,6323.0,60120657.2055391,0.00010517183766609662
11423,0.0006282445524584202,62,1.3748742846272271e-06,4,8.870156675014368e-08,0.13895453772972743,5.5,5.1,5.6,5.1,6.2,13.3,13.5,13.1,7.8,7.3,10.2,4.6,2.7,0.4797169172423134,0.5202830827576865,12.8,38.0,0.7,29.8,0.0,14.5,13.6,8.0,6.3,24.8,19.9,7.7,21.5,11.8,3.4,1.7,5.2,7.7,10.4,15.5,19.0,17.6,9.4,10.0,70990.0,0.0,0.0006706503708061489,0.0,3591.0,45095032.1009242,7.963183154994149e-05
11426,0.00019950124688279303,20,4.031513247366798e-07,1,2.015756623683399e-08,0.1356356931329621,8.1,5.8,5.5,4.2,4.6,15.4,11.8,11.8,6.6,5.9,12.7,4.9,2.6,0.4926317871624963,0.5073682128375037,34.3,6.0,0.4,43.0,0.0,10.5,19.7,3.5,5.7,27.3,15.3,7.1,23.8,17.3,2.2,1.4,1.5,6.1,5.5,10.4,16.3,25.0,15.8,15.8,102770.0,0.0,0.0004041592030485215,0.0,5121.0,49609163.5394305,0.00010322689669882685
11427,0.00027344818156959256,27,6.846576539081763e-07,1,2.5357690885488013e-08,0.1733035230610347,7.3,4.9,4.5,5.2,5.2,12.8,11.7,12.4,6.7,7.9,12.8,5.3,3.2,0.4925087663372649,0.5074912336627351,23.7,21.7,1.4,33.2,0.0,13.8,20.7,6.6,7.5,24.6,16.4,10.1,21.0,13.8,2.2,1.7,4.1,4.4,10.3,17.3,13.9,23.4,10.6,12.2,81688.0,0.0,0.000556398453409378,0.0,4377.0,39435767.4173042,0.00011099061300578103
11428,0.0004251248804336274,18,8.208853109572657e-07,0,0.0,0.0016247221549916021,5.0,4.5,5.9,4.3,6.6,15.5,10.0,13.6,7.1,6.8,12.5,6.2,1.9,0.4964195663136662,0.5035804336863339,17.6,19.6,0.4,29.4,0.2,23.6,24.1,9.6,8.9,31.9,16.6,9.1,15.9,8.1,3.2,3.2,4.8,5.6,13.0,12.0,17.3,17.6,13.4,9.8,77466.0,0.0,0.0008581899878663238,0.0,2838.0,21927545.492328897,0.00012942625069426223
11429,0.0006370441153049849,37,9.35302396004105e-07,0,0.0,0.03880768942474018,4.9,4.5,4.6,6.0,8.3,14.5,10.5,14.8,6.8,6.9,8.8,6.0,3.4,0.4549050632911392,0.5450949367088608,4.2,71.5,0.8,3.8,0.1,13.8,14.3,5.8,8.4,30.1,20.5,9.1,16.9,9.2,1.6,1.3,4.8,6.6,7.7,13.1,15.1,27.4,10.9,11.6,82532.0,0.0,0.0006348933777848406,0.0,2912.0,39559398.28452829,7.361082640983658e-05
11432,0.0007410390656463955,271,4.503338612873302e-06,3,4.9852456969077135e-08,0.03678102814024402,7.3,4.7,6.3,7.6,7.8,13.9,11.9,12.0,6.5,6.3,9.6,4.3,1.9,0.4741762857409539,0.5258237142590461,17.5,17.9,0.6,42.5,0.3,14.5,20.8,11.0,8.3,22.6,13.5,7.8,23.4,13.3,2.4,2.0,6.3,8.3,15.0,19.9,14.0,14.3,8.4,9.3,66270.0,0.0004832863471606927,0.0010315304221184876,30.0,6958.0,60177575.6380646,0.00011562446519694623
11433,0.0014252204637904926,138,2.890692086064378e-06,4,8.378817640766313e-08,0.04005232635357791,6.1,5.2,7.6,7.3,7.0,17.2,12.2,11.8,6.3,6.2,7.4,4.2,1.7,0.4555769178694251,0.5444230821305749,5.0,61.8,0.3,12.9,0.0,15.9,14.4,10.7,10.0,36.1,17.7,7.6,12.8,5.0,3.2,2.5,6.4,8.6,14.5,15.6,16.1,16.8,10.8,5.7,62453.0,0.00029692092995635264,0.0007054754983084218,10.0,3745.0,47739432.5965324,7.844668016167461e-05
11434,0.0003621376467950818,92,1.0528760755908782e-06,2,2.2888610338932136e-08,0.11483499986471088,6.3,6.1,6.3,6.3,6.2,13.7,12.5,13.3,7.7,6.4,9.2,4.0,2.1,0.4412366192682537,0.5587633807317463,4.2,83.2,0.2,3.3,0.0,5.5,9.4,4.3,8.4,30.2,26.2,7.9,15.2,7.8,3.0,1.5,5.3,6.1,10.6,16.6,17.4,23.0,8.2,8.3,65845.0,0.0,0.0006636438124721678,0.0,8274.0,87379704.1578414,9.469018097216224e-05
11435,0.00117968691483784,109,2.588710897607261e-06,1,2.374964126245194e-08,0.022556487847727773,7.6,6.1,5.1,4.8,6.0,19.2,13.5,12.3,6.9,5.7,8.0,3.4,1.5,0.5110957704741379,0.4889042295258621,17.7,26.1,0.5,22.0,0.0,28.5,30.8,12.7,8.2,21.0,18.7,8.0,19.9,11.5,2.6,2.4,7.8,7.3,9.7,18.8,12.6,23.0,8.4,7.4,69873.0,0.00020597708036851166,0.0012683258419799836,11.0,4595.0,42105899.1565062,0.00010912960160096664
11436,0.0005353032492907231,13,5.727049997319749e-07,0,0.0,0.030881906017087075,5.0,6.3,5.8,6.1,6.8,14.9,14.0,14.3,7.5,6.1,8.5,3.3,1.5,0.4801371669744131,0.5198628330255869,4.9,61.0,0.2,8.9,0.0,17.7,14.2,7.0,9.3,35.8,18.5,8.3,14.8,6.3,3.6,0.0,4.5,6.5,12.7,18.1,15.9,22.2,7.3,9.1,72962.0,0.0,0.0008229770846148478,0.0,2407.0,22699295.4594145,0.00010603853341191256
11691,0.00038163505732822275,7,8.34050069173093e-08,1,1.1915000988187045e-08,0.20672551993948213,8.9,9.2,8.4,6.8,6.5,14.0,10.2,11.6,6.4,4.8,7.5,3.7,2.1,0.4675402460046162,0.5324597539953838,34.3,46.2,0.3,4.9,0.0,9.1,23.5,11.0,10.7,27.2,17.7,7.5,14.9,11.1,6.7,3.7,5.8,7.5,13.0,18.9,10.2,18.0,6.6,9.7,52605.0,0.00019911394295385533,0.0007180813645550686,12.0,5718.0,83927815.1123475,6.812997565045352e-05
11692,0.000222000222000222,5,2.0839936657261062e-07,2,8.335974662904425e-08,0.5818641144740848,7.9,7.4,9.3,5.0,5.2,11.2,15.3,12.0,6.7,5.9,8.1,4.3,1.7,0.4880771635259445,0.5119228364740556,20.8,56.2,0.6,5.6,0.0,9.5,25.1,10.2,8.3,28.3,19.3,7.9,16.0,10.0,7.4,3.1,9.4,6.3,14.2,16.9,14.7,12.7,8.1,7.1,53077.0,0.00044400044400044405,0.0007509879573810597,8.0,2013.0,23992395.3811918,8.390158498213303e-05
11693,6.786102062975027e-05,17,2.665924028229655e-07,3,4.704571814522921e-08,0.25375011347512344,7.3,7.0,5.6,4.8,5.0,13.1,11.2,13.3,7.3,9.3,8.7,5.5,1.9,0.4489216363496815,0.5510783636503185,59.4,21.6,0.0,4.1,0.0,6.4,28.5,8.0,11.3,26.5,13.7,9.6,17.0,13.9,8.5,4.4,6.3,13.6,6.0,17.2,10.9,19.4,6.8,6.7,52946.0,0.0004524068041983352,0.00017331642564702443,5.0,1169.0,63767758.64572965,1.833214817059098e-05
11694,0.0014382780340227148,55,1.143412951688278e-06,4,8.315730557732931e-08,0.10957700613901092,5.5,4.6,7.6,4.6,4.8,10.2,11.7,15.8,10.1,6.7,10.6,5.3,2.4,0.4988710132655941,0.5011289867344059,80.2,5.8,1.2,2.1,0.0,6.7,19.4,3.8,6.3,23.7,15.4,6.2,23.6,21.1,2.4,2.6,3.0,4.6,6.3,9.8,13.7,22.1,14.7,20.8,87755.0,0.0003967663542131627,0.00041917518808892273,8.0,3572.0,48101606.6144704,7.425947388055507e-05
